date,actual,baseline,linear,exponential
2022-01-03,448.3730163574219,445.79193115234375,445.45870971679705,446.0201599584851
2022-01-04,448.222900390625,448.3730163574219,447.1903839111329,447.9659722004058
2022-01-05,439.61602783203125,448.222900390625,448.9502868652345,448.17845181371706
2022-01-06,439.2030029296875,439.61602783203125,440.8315124511719,441.09732718086286
2022-01-07,437.4666748046875,439.2030029296875,434.82450866699236,439.53072102514085
2022-01-10,436.9222717285156,437.4666748046875,432.9567260742189,437.8237548008259
2022-01-11,440.90185546875,436.9222717285156,435.8475952148439,437.0782283000253
2022-01-12,442.0938720703125,440.90185546875,439.76148986816423,440.2403679685606
2022-01-13,436.00250244140625,442.0938720703125,443.8114624023441,441.77321586070946
2022-01-14,436.1807861328125,436.00250244140625,438.58830261230486,437.0008358629457
2022-01-18,428.4562072753906,436.1807861328125,433.73110961914085,436.32265473612557
2022-01-19,424.0072937011719,428.4562072753906,425.49966430664074,429.81710268609777
2022-01-20,419.31439208984375,424.0072937011719,420.2341461181642,425.01239065556405
2022-01-21,411.0829162597656,419.31439208984375,413.22764587402366,420.3001458417134
2022-01-24,412.8287658691406,411.0829162597656,406.5120086669923,412.67749697744256
2022-01-25,407.7884521484375,412.8287658691406,406.36657714843767,412.80259635087685
2022-01-26,406.7654113769531,407.7884521484375,404.54563903808616,408.6558990954595
2022-01-27,404.7568054199219,406.7654113769531,405.11817932128923,407.0924657522547
2022-01-28,414.80914306640625,404.7568054199219,401.72512817382824,405.1608746574155
2022-01-31,422.2802734375,414.80914306640625,413.29331970214844,413.13999263165084
2022-02-01,425.13360595703125,422.2802734375,426.3021392822267,420.6990048580881
2022-02-02,429.2633972167969,425.13360595703125,433.89533996582037,424.36641996691407
2022-02-03,419.17364501953125,429.2633972167969,434.42562866210955,428.4162201525672
2022-02-04,421.14459228515625,419.17364501953125,422.66520690917986,420.77261051754647
2022-02-07,419.7931213378906,421.14459228515625,418.1646118164063,421.08023943935973
2022-02-08,423.24700927734375,419.7931213378906,415.73371887207054,420.01579276944483
2022-02-09,429.4417419433594,423.24700927734375,423.5567474365236,422.68800882147724
2022-02-10,421.7265930175781,429.4417419433594,430.4929504394532,428.27334611327376
2022-02-11,413.41070556640625,421.7265930175781,426.55090332031256,422.8591813031335
2022-02-14,412.05902099609375,413.41070556640625,412.6504974365236,415.04529186886003
2022-02-15,418.7043151855469,412.05902099609375,404.0435028076173,412.5756458570823
2022-02-16,419.17364501953125,418.7043151855469,413.87052917480486,417.64405539172253
2022-02-17,410.21942138671875,419.17364501953125,421.8204498291018,418.90902601392037
2022-02-18,407.5632629394531,410.21942138671875,413.77673339843756,411.72272298722464
2022-02-22,403.18951416015625,407.5632629394531,403.32081604003923,408.2828495277176
2022-02-23,396.03741455078125,403.18951416015625,397.3843231201173,404.0706611787444
2022-02-24,401.9973449707031,396.03741455078125,392.52246093750017,397.42716621741886
2022-02-25,410.8670959472656,401.9973449707031,396.2344207763675,401.20670404638497
2022-02-28,409.81585693359375,410.8670959472656,410.2710113525392,409.19584814841323
2022-03-01,403.57421875,409.81585693359375,417.23069763183616,409.7085954137575
2022-03-02,410.99847412109375,403.57421875,407.48347473144537,404.63546591283
2022-03-03,408.9523620605469,410.99847412109375,407.3520355224611,409.89767370106415
2022-03-04,405.62982177734375,408.9523620605469,409.54367065429716,409.11590097435635
2022-03-07,393.6720886230469,405.62982177734375,408.3188934326173,406.23291347842695
2022-03-08,390.6873779296875,393.6720886230469,390.98776245117205,395.8451113230276
2022-03-09,401.1620788574219,390.6873779296875,383.04724121093784,391.57966580673536
2022-03-10,399.3505554199219,401.1620788574219,393.69085693359386,399.5043213996531
2022-03-11,394.2727355957031,399.3505554199219,403.09555053710955,399.37715693441544
2022-03-14,391.3913269042969,394.2727355957031,398.60432434082054,395.1558004873003
2022-03-15,399.9981994628906,391.3913269042969,387.9466552734376,392.0425808341565
2022-03-16,408.8678283691406,399.9981994628906,396.01858520507835,398.6218774401196
2022-03-17,413.9831848144531,408.8678283691406,411.7305603027345,407.09527885842
2022-03-18,418.5174560546875,413.9831848144531,422.72143554687517,412.79157708405944
2022-03-21,418.39501953125,418.5174560546875,425.50994873046886,417.52687899276884
2022-03-22,423.2909240722656,418.39501953125,423.2198333740237,418.24483121809277
2022-03-23,417.8395690917969,423.2909240722656,425.4968414306642,422.41795000849373
2022-03-24,424.1383056640625,417.8395690917969,420.22630310058616,418.6316289903854
2022-03-25,426.2095642089844,424.1383056640625,423.8605804443361,423.18565059951635
2022-03-28,429.24114990234375,426.2095642089844,426.6332550048829,425.68642715454644
2022-03-29,434.5512390136719,429.24114990234375,433.4261474609377,428.6261828669748
2022-03-30,431.86798095703125,434.5512390136719,437.10266113281267,433.52620430029333
2022-03-31,425.220947265625,431.86798095703125,436.0388183593753,432.15485359541555
2022-04-01,426.4261474609375,425.220947265625,426.534362792969,426.4205130606788
2022-04-04,430.07916259765625,426.4261474609375,421.76100158691423,426.42517270969273
2022-04-05,424.6466064453125,430.07916259765625,427.35824584960943,429.4470223470385
2022-04-06,420.40045166015625,424.6466064453125,427.0757141113284,425.4770783963111
2022-04-07,422.51885986328125,420.40045166015625,419.510681152344,421.278708085511
2022-04-08,421.3890686035156,422.51885986328125,417.6795043945314,422.30431360572703
2022-04-11,414.1864929199219,421.3890686035156,420.3251953125002,421.5474059888982
2022-04-12,412.65185546875,414.1864929199219,414.68080139160173,415.4599308808548
2022-04-13,417.37823486328125,412.65185546875,408.48567199707054,413.1376525150442
2022-04-14,412.1811828613281,417.37823486328125,413.00962829589855,416.6446141170362
2022-04-18,412.3505859375,412.1811828613281,413.7770538330079,412.95335646856563
2022-04-19,419.00701904296875,412.3505859375,412.1152496337892,412.4548652393743
2022-04-20,418.6963806152344,419.00701904296875,416.4931945800783,417.87349643494696
2022-04-21,412.43536376953125,418.6963806152344,422.109298706055,418.5540216520447
2022-04-22,401.11846923828125,412.43536376953125,415.60826110839855,413.49389158320605
2022-04-25,403.4440002441406,401.11846923828125,397.8326416015628,403.2594173039532
2022-04-26,391.7598876953125,403.4440002441406,394.6550445556643,403.41206739548824
2022-04-27,392.86138916015625,391.7598876953125,387.26420593261736,393.77571478344294
2022-04-28,402.784912109375,392.86138916015625,388.182098388672,393.01956749298483
2022-04-29,387.899658203125,402.784912109375,397.49360656738287,401.0955074907395
2022-05-02,390.2347106933594,387.899658203125,393.41217041015636,390.18254012988234
2022-05-03,392.0235900878906,390.2347106933594,387.7538452148438,390.22568518587786
2022-05-04,403.9617614746094,392.0235900878906,385.74848937988304,391.71255253984236
2022-05-05,389.6038818359375,403.9617614746094,406.0237274169925,401.8426483288947
2022-05-06,387.2783508300781,389.6038818359375,396.4674072265626,391.72118843921913
2022-05-09,374.87872314453125,387.2783508300781,386.06849670410173,388.0469617364595
2022-05-10,375.7449035644531,374.87872314453125,366.53701782226585,377.15682842093486
2022-05-11,369.7757873535156,375.7449035644531,368.3823242187501,375.98916656462444
2022-05-12,369.3897399902344,369.7757873535156,364.0090637207033,370.8507019570375
2022-05-13,378.2210693359375,369.3897399902344,366.83827209472673,369.6424864104913
2022-05-16,376.6863708496094,378.2210693359375,375.0434875488282,376.7369744898353
2022-05-17,384.4349670410156,376.6863708496094,380.90901184082054,376.6951252793685
2022-05-18,368.9378662109375,384.4349670410156,388.08328247070324,383.09597441625067
2022-05-19,366.6781921386719,368.9378662109375,372.0448150634767,371.38721893045664
2022-05-20,366.83831787109375,366.6781921386719,362.80393981933605,367.4928537736506
2022-05-23,373.7018737792969,366.83831787109375,357.95993041992216,366.9515525822361
2022-05-24,370.84912109375,373.7018737792969,372.6520996093751,372.53406821220534
2022-05-25,374.1255187988281,370.84912109375,374.36096191406256,371.14061694524275
2022-05-26,381.6011047363281,374.1255187988281,376.1309204101564,373.60913077815786
2022-05-27,390.9690856933594,381.6011047363281,381.812927246094,380.21849324156466
2022-05-31,388.7752990722656,390.9690856933594,396.3450775146486,389.10923319919885
2022-06-01,385.6307678222656,388.7752990722656,397.1970825195313,388.8330696762251
2022-06-02,392.9744567871094,385.6307678222656,389.2178649902346,386.18476604300065
2022-06-03,386.5251770019531,392.9744567871094,390.3052978515627,391.79984028837856
2022-06-06,387.7019958496094,386.5251770019531,388.62475585937517,387.43769375050476
2022-06-07,391.4209289550781,387.7019958496094,388.14920043945324,387.6562715864643
2022-06-08,387.1653137207031,391.4209289550781,388.78469848632824,390.7696432303079
2022-06-09,377.95745849609375,387.1653137207031,389.61318969726574,387.78886272586476
2022-06-10,366.9983825683594,377.95745849609375,377.6891174316407,379.6582914278442
2022-06-13,353.06414794921875,366.9983825683594,360.2666473388674,369.1885468010503
2022-06-14,352.0002136230469,353.06414794921875,342.980682373047,355.85366895058564
2022-06-15,357.0184631347656,352.0002136230469,339.5535583496096,352.6668613947111
2022-06-16,345.2025146484375,357.0184631347656,349.5193786621095,356.2656360337362
2022-06-17,345.9466857910156,345.2025146484375,347.17967224121105,347.1164346480942
2022-06-21,354.6554260253906,345.9466857910156,342.547836303711,346.1490523432902
2022-06-22,354.01239013671875,354.6554260253906,349.11953735351574,353.1838233783873
2022-06-23,357.482666015625,354.01239013671875,358.73884582519537,353.8690480875274
2022-06-24,368.8484191894531,357.482666015625,361.5155181884767,356.8575101140641
2022-06-27,367.43951416015625,368.8484191894531,370.2620391845704,366.77399191941083
2022-06-28,359.93170166015625,367.43951416015625,374.85752868652355,367.32437881250735
2022-06-29,359.6385498046875,359.93170166015625,364.9101257324221,361.210634807513
2022-06-30,356.7167663574219,359.6385498046875,355.1801910400393,359.9105205101763
2022-07-01,360.4895324707031,356.7167663574219,352.8162841796876,357.2692858258484
2022-07-05,361.1703796386719,360.4895324707031,358.88206481933605,359.93242980114326
2022-07-06,362.39019775390625,361.1703796386719,361.5958709716799,360.95621431677944
2022-07-07,367.81781005859375,362.39019775390625,364.61700439453136,362.1421186192833
2022-07-08,367.51519775390625,367.81781005859375,368.76814270019537,366.835915439593
2022-07-11,363.3167724609375,367.51519775390625,370.83891296386736,367.39768191353005
2022-07-12,360.10186767578125,363.3167724609375,365.8792724609376,364.022769796236
2022-07-13,358.2107238769531,360.10186767578125,357.8513488769533,360.7801837426199
2022-07-14,357.3408508300781,358.2107238769531,354.50405883789074,358.65524043371346
2022-07-15,364.16790771484375,357.3408508300781,354.78782653808605,357.56824023150705
2022-07-18,361.160888671875,364.16790771484375,362.7873992919923,363.02616524022653
2022-07-19,370.91925048828125,361.160888671875,364.1394805908204,361.4835815181998
2022-07-20,373.2831726074219,370.91925048828125,372.8292694091798,369.28687975645715
2022-07-21,377.0843811035156,373.2831726074219,376.65884399414074,372.591813944205
2022-07-22,373.5857238769531,377.0843811035156,383.1455230712891,376.30716698495485
2022-07-25,374.0396423339844,373.5857238769531,376.66828918457054,374.0565335346374
2022-07-26,369.6143798828125,374.0396423339844,374.1909179687501,374.0425645116974
2022-07-27,379.2119445800781,369.6143798828125,368.09201049804705,370.38045582360957
2022-07-28,383.96820068359375,379.2119445800781,377.2262725830079,377.6840970252091
2022-07-29,389.56585693359375,383.96820068359375,386.5543518066407,382.88105075069325
2022-08-01,388.4122619628906,389.56585693359375,396.74276733398443,388.409385463952
2022-08-02,385.84979248046875,388.4122619628906,393.58921813964855,388.41176432857424
2022-08-03,391.89202880859375,385.84979248046875,388.07182312011736,386.293013610191
2022-08-04,391.6273193359375,391.89202880859375,390.03399658203153,390.92339917927006
2022-08-05,390.96533203125,391.6273193359375,393.3672027587893,391.505541148834
2022-08-08,390.51141357421875,390.96533203125,393.8540954589844,391.05878820859203
2022-08-09,388.960693359375,390.51141357421875,390.04806518554705,390.60610938596534
2022-08-10,397.1304931640625,388.960693359375,388.4027404785156,389.24535033197515
2022-08-11,397.1304931640625,397.1304931640625,396.12817382812506,395.76636345411134
2022-08-12,403.8534851074219,397.1304931640625,400.4400329589845,396.8944987242409
2022-08-15,405.5177001953125,403.8534851074219,407.93838500976574,402.64958046313154
2022-08-16,406.31195068359375,405.5177001953125,408.8791961669923,405.0215154816452
2022-08-17,403.427978515625,406.31195068359375,410.50555419921886,406.0887053936566
2022-08-18,404.6004943847656,403.427978515625,404.6572113037111,403.8882842655245
2022-08-19,399.1634521484375,404.6004943847656,403.5556335449221,404.4772820341369
2022-08-22,390.8518981933594,399.1634521484375,398.30772399902355,400.0827447186635
2022-08-23,389.90631103515625,390.8518981933594,388.71963500976574,392.448834642237
2022-08-24,391.1544494628906,389.90631103515625,383.03201293945324,390.34616761918124
2022-08-25,396.6766052246094,391.1544494628906,386.5258789062501,391.01461670392894
2022-08-26,383.24951171875,396.6766052246094,396.8278808593751,395.6970812105317
2022-08-29,380.71539306640625,383.24951171875,386.63465881347673,385.4029412408282
2022-08-30,376.53594970703125,380.71539306640625,376.762924194336,381.52633890058127
2022-08-31,373.6708068847656,376.53594970703125,368.5553436279299,377.3992870375154
2022-09-01,374.8433532714844,373.6708068847656,370.3140258789064,374.31583395119134
2022-09-02,370.89080810546875,374.8433532714844,371.32106018066423,374.7520924290737
2022-09-06,369.49139404296875,370.89080810546875,370.0445098876954,371.5588102934524
2022-09-07,376.12933349609375,369.49139404296875,368.1013946533204,369.8490570543024
2022-09-08,378.58782958984375,376.12933349609375,373.453353881836,375.0428456716638
2022-09-09,384.4693298339844,378.58782958984375,381.2070922851565,377.97454737199865
2022-09-12,388.6014404296875,384.4693298339844,389.017547607422,383.3457324680609
2022-09-13,371.7040710449219,388.6014404296875,392.77143859863304,387.6922029523261
2022-09-14,373.1224060058594,371.7040710449219,376.7108764648438,374.4700178649028
2022-09-15,368.88616943359375,373.1224060058594,366.73977661132835,373.3555428574739
2022-09-16,366.07208251953125,368.88616943359375,361.1466522216798,369.659371035925
2022-09-19,368.9109191894531,366.07208251953125,364.6631317138673,366.6926834328674
2022-09-20,364.6763610839844,368.9109191894531,365.3857574462892,368.5271644035638
2022-09-21,358.3150329589844,364.6763610839844,364.6887359619141,365.3425500582716
2022-09-22,355.30523681640625,358.3150329589844,357.61717224121116,359.5307934171611
2022-09-23,349.3521423339844,355.30523681640625,350.007293701172,356.0362581083369
2022-09-26,345.8961486816406,349.3521423339844,344.6665802001955,350.5084943629474
2022-09-27,345.0131530761719,345.8961486816406,341.41470336914085,346.69408448450673
2022-09-28,351.8017578125,345.0131530761719,340.3086090087892,345.3039542098138
2022-09-29,344.45294189453125,351.8017578125,349.63226318359386,350.6776377892353
2022-09-30,339.12652587890625,344.45294189453125,347.40574645996105,345.529814284315
2022-10-03,348.0798645019531,339.12652587890625,338.84642028808605,340.23429477304194
2022-10-04,358.86572265625,348.0798645019531,341.74224853515636,346.7225809388515
2022-10-05,358.0301208496094,358.86572265625,360.67918395996105,356.76495913914005
2022-10-06,354.3367614746094,358.0301208496094,367.89971923828136,357.81124787369816
2022-10-07,344.45294189453125,354.3367614746094,359.31188964843767,354.9378476216517
2022-10-10,341.82293701171875,344.45294189453125,342.18846130371105,346.2668305853231
2022-10-11,339.65826416015625,341.82293701171875,335.03434753417986,342.5917305999523
2022-10-12,338.5378112792969,339.65826416015625,333.4013519287111,340.16575385424096
2022-10-13,347.47222900390625,338.5378112792969,336.14047241210943,338.8194453447622
2022-10-14,339.55377197265625,347.47222900390625,345.82966613769554,345.9752974308743
2022-10-17,348.2793273925781,339.55377197265625,343.4607543945314,340.66469587692796
2022-10-18,352.3713684082031,348.2793273925781,348.78730773925787,346.9619961403706
2022-10-19,349.8743591308594,352.3713684082031,352.7749176025391,351.4355470058681
2022-10-20,346.9405517578125,349.8743591308594,356.28315734863304,350.1444446332359
2022-10-21,355.3716735839844,346.9405517578125,347.7380676269532,347.49482522526074
2022-10-24,359.7202453613281,355.3716735839844,352.6562652587892,354.0089788179252
2022-10-25,365.46441650390625,359.7202453613281,362.46890258789074,358.73219624931943
2022-10-26,362.7109680175781,365.46441650390625,371.8542633056641,364.29974239986274
2022-10-27,360.7740783691406,362.7109680175781,367.7573394775393,362.98582598571335
2022-10-28,369.357177734375,360.7740783691406,362.2694396972658,361.1567107068077
2022-10-31,366.6891784667969,369.357177734375,367.01200866699224,367.93849693860585
2022-11-01,365.0846252441406,366.6891784667969,370.0122833251955,366.9053105624198
2022-11-02,355.9223327636719,365.0846252441406,368.04217529296886,365.39960380420297
2022-11-03,352.25750732421875,355.9223327636719,353.7860565185548,357.5619006536838
2022-11-04,357.3275451660156,352.25750732421875,346.87408447265636,353.1751673702162
2022-11-07,360.7456359863281,357.3275451660156,350.91398620605486,356.6091838073423
2022-11-08,362.69195556640625,360.7456359863281,361.4482421875001,360.0300297593636
2022-11-09,355.2197570800781,362.69195556640625,366.9360198974611,362.23144240178783
2022-11-10,374.7405700683594,355.2197570800781,357.90196228027366,356.4327786407339
2022-11-11,378.3675231933594,374.7405700683594,371.9776306152345,371.5733221513801
2022-11-14,375.1488037109375,378.3675231933594,384.3918304443361,377.19212641309696
2022-11-15,378.3485107421875,375.1488037109375,386.72268676757824,375.5022985384111
2022-11-16,375.4621887207031,378.3485107421875,378.55262756347673,377.8561160309342
2022-11-17,374.3133850097656,375.4621887207031,375.4526824951173,375.8763381453731
2022-11-18,376.0128479003906,374.3133850097656,374.4700775146486,374.58377590222574
2022-11-21,374.6456298828125,376.0128479003906,373.9952850341799,375.7656184447081
2022-11-22,379.687255859375,374.6456298828125,374.92095947265625,374.83938790402044
2022-11-23,382.07989501953125,379.687255859375,379.8533782958985,378.8485747030986
2022-11-25,381.99444580078125,382.07989501953125,383.9170989990235,381.5208766047884
2022-11-28,375.89892578125,381.99444580078125,385.7115783691408,381.9125183298745
2022-11-29,375.2532653808594,375.89892578125,377.05252075195324,376.93927729216205
2022-11-30,387.07403564453125,375.2532653808594,372.1627807617188,375.54494544151476
2022-12-01,386.7892150878906,387.07403564453125,383.7034454345703,385.0795030394094
2022-12-02,386.34295654296875,386.7892150878906,392.3767700195313,386.4934349035034
2022-12-05,379.39300537109375,386.34295654296875,392.11093139648455,386.36898929934125
2022-12-06,373.924072265625,379.39300537109375,379.0274658203126,380.5998505906806
2022-12-07,373.28790283203125,373.924072265625,370.2259674072267,375.0789819158596
2022-12-08,376.2122497558594,373.28790283203125,367.0784606933595,373.59775951353356
2022-12-09,373.4018249511719,376.2122497558594,373.1596984863283,375.75994294393706
2022-12-12,378.7852478027344,373.4018249511719,374.5459136962892,373.80977936392026
2022-12-13,381.6527099609375,378.7852478027344,378.84220886230486,377.92449176281957
2022-12-14,379.2125549316406,381.6527099609375,382.93920898437506,381.0077282126631
2022-12-15,369.9363708496094,379.2125549316406,383.3379974365236,379.5231199092575
2022-12-16,365.56884765625,369.9363708496094,370.1500244140627,371.5948784369285
2022-12-19,362.46893310546875,365.56884765625,359.710678100586,366.6113509813074
2022-12-20,362.96490478515625,362.46893310546875,355.64707946777355,363.18557139798884
2022-12-21,368.39215087890625,362.96490478515625,359.2311859130861,363.0030801091763
2022-12-22,363.1366271972656,368.39215087890625,367.0901794433595,367.459841635743
2022-12-23,365.2254943847656,363.1366271972656,366.09823608398443,363.88454329512217
2022-12-27,363.7851867675781,365.2254943847656,365.3113555908205,364.9935098462573
2022-12-28,359.2641906738281,363.7851867675781,362.20185852050804,363.99422666018967
2022-12-29,365.73101806640625,359.2641906738281,359.58847045898466,360.0824868994687
2022-12-30,364.7676086425781,365.73101806640625,362.7503662109377,364.753822174526
2023-01-03,363.23199462890625,364.7676086425781,365.74052429199224,364.7652235836051
2023-01-04,366.03619384765625,363.23199462890625,365.98370361328136,363.49724323806913
2023-01-05,361.85845947265625,366.03619384765625,364.78668212890636,365.5969553921977
2023-01-06,370.15667724609375,361.85845947265625,362.4927520751955,362.5052192667369
2023-01-09,369.94683837890625,370.15667724609375,369.46990966796886,368.83297501566506
2023-01-10,372.5412292480469,369.94683837890625,372.0070800781251,369.7541400170655
2023-01-11,377.2530822753906,372.5412292480469,376.585418701172,372.0590628110871
2023-01-12,378.6266174316406,377.2530822753906,378.44535827636736,376.3545169080661
2023-01-13,380.0953674316406,378.6266174316406,382.279739379883,378.2335440410622
2023-01-17,379.399169921875,380.0953674316406,383.1380615234376,379.77327198507055
2023-01-18,373.4092102050781,379.399169921875,380.8203125000001,379.4638895788078
2023-01-19,370.6908264160156,373.4092102050781,373.7954864501954,374.4566697367334
2023-01-20,377.5964660644531,370.6908264160156,367.3477478027345,371.34231731049977
2023-01-23,382.1270751953125,377.5964660644531,373.2422943115235,376.5144983300192
2023-01-24,381.7169189453125,382.1270751953125,384.2207031250002,381.1560993976168
2023-01-25,381.8599853515625,381.7169189453125,387.4350433349611,381.6198971635611
2023-01-26,386.0567932128906,381.8599853515625,383.92021179199224,381.81845009503826
2023-01-27,386.9438781738281,386.0567932128906,385.9232482910157,385.32355985350216
2023-01-30,382.0888977050781,386.9438781738281,389.11381530761736,386.6635631044117
2023-01-31,387.7069091796875,382.0888977050781,384.6308441162111,382.8803148191628
2023-02-01,391.827392578125,387.7069091796875,385.7229614257813,386.87190835531675
2023-02-02,397.5311584472656,391.827392578125,392.2089080810549,390.97009380757913
2023-02-03,393.30572509765625,397.5311584472656,402.40040588378923,396.39609426459987
2023-02-06,390.90216064453125,393.30572509765625,398.2178497314455,393.8403589635375
2023-02-07,396.0146484375,390.90216064453125,391.641326904297,391.4104689537193
2023-02-08,391.6842956542969,396.0146484375,392.70014953613304,395.2181253868059
2023-02-09,388.2886657714844,391.6842956542969,393.0387573242189,392.29564819802096
2023-02-10,389.1948547363281,388.2886657714844,388.6797332763672,388.9818737312752
2023-02-13,393.7635498046875,389.1948547363281,385.3318634033204,389.15800902245394
2023-02-14,393.5823974609375,393.7635498046875,392.5188293457033,392.9667912493611
2023-02-15,394.8604736328125,393.5823974609375,396.3198394775392,393.4758975863348
2023-02-16,389.4237060546875,394.8604736328125,397.05424499511724,394.62094197677186
2023-02-17,388.450927734375,389.4237060546875,389.97216796875017,390.3228278692081
2023-02-21,380.658203125,388.450927734375,386.3715820312501,388.77476645770116
2023-02-22,380.13360595703125,380.658203125,377.45343017578136,382.0623685815573
2023-02-23,382.1556701660156,380.13360595703125,375.75085449218767,380.46728189107426
2023-02-24,378.0733642578125,382.1556701660156,377.997009277344,381.8635789944508
2023-02-27,379.36102294921875,378.0733642578125,378.8220977783204,378.7290714072509
2023-02-28,377.95892333984375,379.36102294921875,378.3309020996096,379.2516953324583
2023-03-01,376.5090637207031,377.95892333984375,376.56159973144537,378.1825728945661
2023-03-02,379.4372863769531,376.5090637207031,376.4518432617189,376.7985808077814
2023-03-03,385.52264404296875,379.4372863769531,378.0113067626954,378.9807903134864
2023-03-06,385.78973388671875,385.52264404296875,386.26182556152355,384.3909033477683
2023-03-07,379.87603759765625,385.78973388671875,390.2965240478516,385.5477362034803
2023-03-08,380.4960632324219,379.87603759765625,383.05226135253923,380.85724145646384
2023-03-09,373.4759521484375,380.4960632324219,377.67276000976574,380.55854706518113
2023-03-10,368.0868835449219,373.4759521484375,370.82911682128923,374.70124106903415
2023-03-13,367.5622863769531,368.0868835449219,364.88684082031256,369.23116739659326
2023-03-14,373.63812255859375,367.5622863769531,361.35769653320324,367.85100279335086
2023-03-15,371.3013000488281,373.63812255859375,370.68128967285173,372.6369508392067
2023-03-16,377.8157958984375,371.3013000488281,374.0769195556643,371.5323676355636
2023-03-17,373.3981628417969,377.8157958984375,379.6853027343751,376.7287628089603
2023-03-20,376.9885559082031,373.3981628417969,375.48699951171875,373.9743566361161
2023-03-21,381.9385986328125,376.9885559082031,378.03698730468767,376.4670994341321
2023-03-22,375.4279479980469,381.9385986328125,381.5249786376954,380.99202927144074
2023-03-23,376.44287109375,375.4279479980469,379.69816589355486,376.39053405834403
2023-03-24,378.9130859375,376.44287109375,375.662567138672,376.43381678662473
2023-03-27,379.62158203125,378.9130859375,376.1652221679688,378.48417237439855
2023-03-28,378.7695007324219,379.62158203125,381.3641510009768,379.4248101606147
2023-03-29,384.27484130859375,378.7695007324219,380.3588562011721,378.88286926349923
2023-03-30,386.52484130859375,384.27484130859375,384.2030487060548,383.3420301447924
2023-03-31,391.9728088378906,386.52484130859375,388.8514709472658,385.9742149772561
2023-04-03,393.4664001464844,391.9728088378906,395.85047912597673,390.93505210000086
2023-04-04,391.2834167480469,393.4664001464844,397.3153839111329,393.0284769344428
2023-04-05,390.2589111328125,391.2834167480469,394.75419616699224,391.58531216029337
2023-04-06,391.78125,390.2589111328125,389.9142150878907,390.4883785105667
2023-04-10,392.1834411621094,391.78125,390.1775054931643,391.55758323232806
2023-04-11,392.2886962890625,392.1834411621094,392.4323577880861,392.07516774025726
2023-04-12,390.68975830078125,392.2886962890625,393.25096130371105,392.2517558501192
2023-04-13,395.87921142578125,390.68975830078125,390.9434814453125,390.9599838768167
2023-04-14,394.9121398925781,395.87921142578125,395.1323699951174,395.0281850598104
2023-04-17,396.32916259765625,394.9121398925781,396.7073974609377,394.9322157065093
2023-04-18,396.58770751953125,396.32916259765625,398.4403533935549,396.08749078548783
2023-04-19,396.5206604003906,396.58770751953125,396.81268310546886,396.50117002454175
2023-04-20,394.35687255859375,396.5206604003906,397.35844421386724,396.51728856536874
2023-04-21,394.6632385253906,394.35687255859375,394.45262145996105,394.7306245277658
2023-04-24,395.07489013671875,394.6632385253906,393.547821044922,394.6748963038016
2023-04-25,388.8035888671875,395.07489013671875,394.14617919921886,395.0056912036241
2023-04-26,387.15673828125,388.8035888671875,389.16259765625017,389.876552571391
2023-04-27,394.86431884765625,387.15673828125,384.22691345214866,387.62726615344445
2023-04-28,398.23455810546875,394.86431884765625,390.9052429199221,393.6123087315576
2023-05-01,397.8323974609375,398.23455810546875,401.26492309570324,397.4349089637821
2023-05-02,393.3610534667969,397.8323974609375,403.37130737304705,397.7636319509296
2023-05-03,390.6610412597656,393.3610534667969,394.8450927734377,394.1226995445518
2023-05-04,387.89404296875,390.6610412597656,388.2242889404298,391.2599081430336
2023-05-05,395.07489013671875,387.89404296875,384.30836486816423,388.47633764390105
2023-05-08,395.1802673339844,395.07489013671875,392.34138488769554,393.9333405554613
2023-05-09,393.447265625,395.1802673339844,397.387191772461,394.96454900129993
2023-05-10,395.2855224609375,393.447265625,397.09037780761736,393.70975564909986
2023-05-11,394.5962219238281,395.2855224609375,394.4717102050782,395.0129148024896
2023-05-12,394.07916259765625,394.5962219238281,394.6488494873049,394.6683097918366
2023-05-15,395.43878173828125,394.07916259765625,394.65364074707054,394.1810850622494
2023-05-16,392.79620361328125,395.43878173828125,394.83560180664074,395.22120021332773
2023-05-17,397.56427001953125,392.79620361328125,393.21748352050804,393.2157280250893
2023-05-18,401.3941955566406,397.56427001953125,396.92279052734403,396.8119722544928
2023-05-19,400.8100280761719,401.3941955566406,402.4569396972658,400.6014709253691
2023-05-22,400.9728698730469,400.8100280761719,405.10902404785185,400.773947689083
2023-05-23,396.4728088378906,400.9728698730469,402.5957489013674,400.9384563352211
2023-05-24,393.6004638671875,396.4728088378906,396.2621459960938,397.2453658549288
2023-05-25,397.0089416503906,393.6004638671875,391.43185424804705,394.2310319110668
2023-05-26,402.1504821777344,397.0089416503906,393.32273864746105,396.5283632654876
2023-05-30,402.3036804199219,402.1504821777344,402.4185485839846,401.1778556059157
2023-05-31,400.0728454589844,402.3036804199219,406.5786895751953,402.1089127270988
2023-06-01,403.8739929199219,400.0728454589844,402.72021484375006,400.42508509636815
2023-06-02,409.7144470214844,403.8739929199219,402.83517456054693,403.27733186644707
2023-06-05,408.9293212890625,409.7144470214844,410.49960327148455,408.6008260996629
2023-06-06,409.81976318359375,408.9293212890625,413.75012207031267,408.8724916212964
2023-06-07,408.40264892578125,409.81976318359375,412.3474273681641,409.6558852033163
2023-06-08,410.8729553222656,408.40264892578125,408.45530700683605,408.6194588017948
2023-06-09,411.61016845703125,410.8729553222656,410.60961914062506,410.4831004242242
2023-06-12,415.3442687988281,411.61016845703125,412.13676452636736,411.4151856873556
2023-06-13,418.0825500488281,415.3442687988281,416.9480285644532,414.6645374205434
2023-06-14,418.5804138183594,418.0825500488281,420.31820678710955,417.49123386413487
2023-06-15,423.7698974609375,418.5804138183594,421.8166046142579,418.39198568627853
2023-06-16,422.326416015625,423.7698974609375,425.38796997070335,422.8395187239215
2023-06-20,420.13525390625,422.326416015625,425.17008972167986,422.41518278416027
2023-06-21,417.982666015625,420.13525390625,422.0082550048829,420.52968160212845
2023-06-22,419.4914245605469,417.982666015625,416.1653442382815,418.4232997120901
2023-06-23,416.32012939453125,419.4914245605469,417.31954956054705,419.30663896176384
2023-06-26,414.6191101074219,416.32012939453125,415.9982147216799,416.8367955496625
2023-06-27,419.1647644042969,414.6191101074219,413.7878417968751,415.0027696889295
2023-06-28,419.3761901855469,419.1647644042969,416.7286071777345,418.44473931853827
2023-06-29,421.029052734375,419.3761901855469,420.79850769042986,419.21504918555434
2023-06-30,425.99749755859375,421.029052734375,423.4075927734378,420.715230120429
2023-07-03,426.4875793457031,425.99749755859375,426.929641723633,425.08366529179125
2023-07-05,425.8533935546875,426.4875793457031,429.7982330322268,426.2447022143764
2023-07-06,422.5187072753906,425.8533935546875,428.5826568603518,425.92108995281365
2023-07-07,421.451904296875,422.5187072753906,422.4466552734377,423.1073194785848
2023-07-10,422.5187072753906,421.451904296875,419.4674682617188,421.7382911233108
2023-07-11,425.20947265625,422.5187072753906,420.3179626464845,422.3836952810808
2023-07-12,428.6306457519531,425.20947265625,425.2094726562502,424.72061317034576
2023-07-13,432.03265380859375,428.6306457519531,430.50942993164085,427.95421011533506
2023-07-14,431.7635498046875,432.03265380859375,435.08862304687506,431.32708304966
2023-07-17,433.2627258300781,431.7635498046875,435.1751403808595,431.68804105606773
2023-07-18,436.4821472167969,433.2627258300781,434.8291778564454,432.99030536417433
2023-07-19,437.4527587890625,436.4821472167969,437.0971832275391,435.8780585762932
2023-07-20,434.5505065917969,437.4527587890625,439.8120574951174,437.1803356522534
2023-07-21,434.5505065917969,434.5505065917969,436.64552307128923,435.00546701925583
2023-07-24,436.4917297363281,434.5505065917969,433.584686279297,434.6292147457473
2023-07-25,437.6835021972656,436.4917297363281,435.0406036376955,436.16951464295767
2023-07-26,437.75067138671875,437.6835021972656,438.65411376953136,437.4215823503704
2023-07-27,434.8484191894531,437.75067138671875,439.3171691894533,437.69373898343053
2023-07-28,439.1056823730469,434.8484191894531,435.4778900146485,435.3406595138112
2023-07-31,439.9418029785156,439.1056823730469,437.6881408691408,438.4543334183991
2023-08-01,438.6828918457031,439.9418029785156,440.61930847167986,439.6844707446155
2023-08-02,432.5804443359375,438.6828918457031,441.22958374023455,438.85616499521495
2023-08-03,431.34075927734375,432.5804443359375,432.36904907226574,433.66614400999254
2023-08-04,429.3898620605469,431.34075927734375,427.66007995605503,431.74305083609204
2023-08-07,433.13775634765625,429.3898620605469,425.71879577636736,429.7969637187162
2023-08-08,431.2542419433594,433.13775634765625,431.54246520996105,432.5597992228496
2023-08-09,428.3712463378906,431.2542419433594,432.15274047851585,431.48010335271124
2023-08-10,428.5249938964844,428.3712463378906,429.30343627929705,428.90907860145455
2023-08-11,428.2750549316406,428.5249938964844,426.14173889160173,428.5914405504442
2023-08-14,430.6391906738281,428.2750549316406,426.91043090820335,428.32978964369363
2023-08-15,425.6227111816406,430.6391906738281,430.5910949707033,430.23966429561483
2023-08-16,422.4994201660156,425.6227111816406,426.67980957031256,426.4214440703582
2023-08-17,419.280029296875,422.4994201660156,421.1732482910158,423.17793030146686
2023-08-18,419.4818115234375,419.280029296875,415.21014404296886,419.9543661706694
2023-08-21,422.211181640625,419.4818115234375,416.3104705810548,419.56356347740865
2023-08-22,421.0675048828125,422.211181640625,420.70237731933605,421.75314369838856
2023-08-23,425.7572326660156,421.0675048828125,422.5330810546876,421.1861203979072
2023-08-24,419.8566589355469,425.7572326660156,426.5500793457033,424.96643024363283
2023-08-25,422.8165283203125,419.8566589355469,421.6296844482424,420.74064937184573
2023-08-28,425.4977111816406,422.8165283203125,422.21110534667986,422.4574012622278
2023-08-29,431.64825439453125,425.4977111816406,424.02735900878923,424.9717375655822
2023-08-30,433.4261169433594,431.64825439453125,434.46878051757824,430.4932169831231
2023-08-31,432.7918395996094,433.4261169433594,437.8419799804689,432.9187252502385
2023-09-01,433.5990905761719,432.7918395996094,436.756042480469,432.81379081716824
2023-09-05,431.72509765625,433.5990905761719,434.1708831787112,433.4632337178642
2023-09-06,428.82293701171875,431.72509765625,431.8115844726564,432.0257951949093
2023-09-07,427.50628662109375,428.82293701171875,428.2895660400392,429.3770314774107
2023-09-08,428.15008544921875,427.50628662109375,425.1182098388674,427.8299254812366
2023-09-11,430.9659729003906,428.15008544921875,426.04067993164074,428.09469777475783
2023-09-12,428.6018371582031,430.9659729003906,430.62954711914074,430.4692423036562
2023-09-13,429.1015930175781,428.6018371582031,430.33168029785173,428.9248982483665
2023-09-14,432.80145263671875,429.1015930175781,429.3274688720705,429.0710248225045
2023-09-15,427.5869445800781,432.80145263671875,431.86926269531256,432.15608862485965
2023-09-18,427.83770751953125,427.5869445800781,429.68675231933616,428.3774064998254
2023-09-19,426.950439453125,427.83770751953125,427.08038330078136,427.93107544312215
2023-09-20,423.0252990722656,426.950439453125,424.4685668945315,427.12008947939455
2023-09-21,416.0333557128906,423.0252990722656,422.70704650878923,423.73369781269895
2023-09-22,415.0980224609375,416.0333557128906,413.6271514892579,417.3655148961575
2023-09-25,416.8435363769531,415.0980224609375,409.6394805908204,415.49029865223054
2023-09-26,410.71954345703125,416.8435363769531,412.87989807128923,416.6094262505761
2023-09-27,410.8834228515625,410.71954345703125,411.1246337890627,411.7384931803145
2023-09-28,413.2655334472656,410.8834228515625,408.69418334960955,411.03135001843657
2023-09-29,412.26263427734375,413.2655334472656,410.2854766845704,412.8790197140782
2023-10-02,412.0986633300781,412.26263427734375,413.53562927246105,412.36926895789884
2023-10-03,406.5823059082031,412.0986633300781,412.788269042969,412.1454781036911
2023-10-04,409.5429992675781,406.5823059082031,405.9988708496096,407.5447346980226
2023-10-05,409.3886413574219,409.5429992675781,406.702835083008,409.197299497045
2023-10-06,414.2492370605469,409.3886413574219,408.1108093261721,409.35553921557664
2023-10-09,416.9013671875,414.2492370605469,415.65240478515625,413.40262733336704
2023-10-10,419.0712585449219,416.9013671875,419.25448608398443,416.296085192735
2023-10-11,420.7878723144531,419.0712585449219,422.82762145996116,418.5911535549935
2023-10-12,418.22259521484375,420.7878723144531,423.1988830566407,420.4078399690666
2023-10-13,416.13946533203125,418.22259521484375,420.16584777832037,418.6006425573243
2023-10-16,420.51788330078125,416.13946533203125,415.7151336669924,416.56524899200696
2023-10-17,420.49853515625,420.51788330078125,418.1936798095704,419.83407756536326
2023-10-18,414.8953552246094,420.49853515625,421.64617919921886,420.3835839930266
2023-10-19,411.2499084472656,414.8953552246094,417.07489013671886,415.84481880154556
2023-10-20,406.19647216796875,411.2499084472656,408.43864440918,412.04482793855607
2023-10-23,405.49249267578125,406.19647216796875,401.57215881347673,407.20823771628034
2023-10-24,408.54962158203125,405.49249267578125,401.14305114746105,405.78931656778764
2023-10-25,402.68603515625,408.54962158203125,405.67091369628923,408.0720888145671
2023-10-26,397.8640441894531,402.68603515625,403.8626098632815,403.6178224391389
2023-10-27,396.0605773925781,397.8640441894531,396.46081542968756,398.85944782664876
2023-10-30,400.79583740234375,396.0605773925781,390.7177886962891,396.54478197767236
2023-10-31,403.31292724609375,400.79583740234375,397.4831085205081,400.0604048138756
2023-11-01,407.6141357421875,403.31292724609375,404.77882385253923,402.75024086532
2023-11-02,415.4258728027344,407.6141357421875,411.24031066894554,406.7726819284894
2023-11-03,419.2159423828125,415.4258728027344,418.8350219726564,413.92887078149
2023-11-06,420.1803283691406,419.2159423828125,425.27241516113287,418.3012789957837
2023-11-07,421.37615966796875,420.1803283691406,425.9812316894532,419.85525282754986
2023-11-08,421.684814453125,421.37615966796875,423.753387451172,421.11304278457624
2023-11-09,418.3961486816406,421.684814453125,422.7649230957033,421.5858979544661
2023-11-10,424.9251708984375,418.3961486816406,419.148391723633,418.94797530583946
2023-11-13,424.5201110839844,424.9251708984375,423.43516540527344,423.891116060918
2023-11-14,432.75616455078125,424.5201110839844,426.14028930664085,424.41129494499387
2023-11-15,433.6723327636719,432.75616455078125,435.8181457519534,431.31250210898
2023-11-16,434.2027282714844,433.6723327636719,437.58782958984403,433.26408206041015
2023-11-17,434.7427978515625,434.2027282714844,438.77883911132835,434.0403424769686
2023-11-20,438.08929443359375,434.7427978515625,435.46607971191423,434.62127307175774
2023-11-21,437.13446044921875,438.08929443359375,438.6245269775392,437.4893267379961
2023-11-22,438.82220458984375,437.13446044921875,439.0777435302736,437.19585231717724
2023-11-24,439.09222412109375,438.82220458984375,440.018035888672,438.54084564667244
2023-11-27,438.3014221191406,439.09222412109375,439.45867919921886,438.9968356450189
2023-11-28,438.73541259765625,438.3014221191406,439.28030395507835,438.42172865911755
2023-11-29,438.42681884765625,438.73541259765625,438.4750213623049,438.68114527628904
2023-11-30,440.1530456542969,438.42681884765625,438.2484130859376,438.4708173198097
2023-12-01,442.7569580078125,440.1530456542969,440.2157440185548,439.8620201524306
2023-12-04,440.43280029296875,442.7569580078125,443.4657745361329,442.2561337588314
2023-12-05,440.3459777832031,440.43280029296875,442.5978698730471,440.748236982563
2023-12-06,438.5715026855469,440.3459777832031,440.4858551025392,440.41556862469236
2023-12-07,441.91796875,438.5715026855469,437.3660125732423,438.89052609301905
2023-12-08,443.81787109375,441.91796875,440.9873199462892,441.3942211703423
2023-12-11,445.54412841796875,443.81787109375,444.60386657714855,443.3985796570005
2023-12-12,447.5790100097656,445.54412841796875,448.16731262207054,445.17294848232126
2023-12-13,453.75115966796875,447.5790100097656,449.3920898437501,447.1627613655178
2023-12-14,455.2073974609375,453.75115966796875,455.6317291259767,452.6113667616447
2023-12-15,454.4579162597656,455.2073974609375,459.3109130859376,454.7582841499599
2023-12-18,457.0143127441406,454.4579162597656,458.2721099853516,454.5098799047692
2023-12-19,459.7933349609375,457.0143127441406,457.36769104003923,456.58104586292933
2023-12-20,453.42181396484375,459.7933349609375,460.6967926025392,459.23760894698205
2023-12-21,457.7211608886719,453.42181396484375,456.08952331542986,454.42794649675363
2023-12-22,458.6409912109375,457.7211608886719,455.92491149902355,457.15143479887
2023-12-26,460.5776672363281,458.6409912109375,457.6049041748048,458.3832979516498
2023-12-27,461.410400390625,460.5776672363281,463.18725585937517,460.19804135007877
2023-12-28,461.5846862792969,461.410400390625,462.8386535644533,461.2006622766105
2023-12-29,460.2484436035156,461.5846862792969,462.96939086914074,461.51825012683213
2024-01-02,457.6727294921875,460.2484436035156,460.75195312500017,460.46812013204936
2024-01-03,453.93499755859375,457.6727294921875,457.091751098633,458.15633207288363
2024-01-04,452.4728698730469,453.93499755859375,451.9790191650393,454.66528842956586
2024-01-05,453.0926208496094,452.4728698730469,449.3161468505861,452.8521582833247
2024-01-08,459.56097412109375,453.0926208496094,450.49269104003923,453.0510208256421
2024-01-09,458.8638000488281,459.56097412109375,459.13978576660173,458.4347522009806
2024-01-10,461.4588317871094,458.8638000488281,462.4078521728518,458.7895747711505
2024-01-11,461.2554626464844,461.4588317871094,464.34442138671886,460.9970503233485
2024-01-12,461.57501220703125,461.2554626464844,462.20439147949236,461.2107573145819
2024-01-16,459.8804626464844,461.57501220703125,462.7708435058595,461.5119961106375
2024-01-17,457.32415771484375,459.8804626464844,459.9385528564454,460.1627179357829
2024-01-18,461.3910217285156,457.32415771484375,456.636657714844,457.8152286330662
2024-01-19,467.142822265625,461.3910217285156,459.26559448242205,460.7724095230029
2024-01-22,468.1304626464844,467.142822265625,467.89810180664085,466.0407408611514
2024-01-23,469.495849609375,468.1304626464844,473.03979492187517,467.76894077762176
2024-01-24,470.0090637207031,469.495849609375,472.86557006835955,469.1970943814817
2024-01-25,472.56536865234375,470.0090637207031,471.1855773925782,469.8685930250178
2024-01-26,471.9650573730469,472.56536865234375,473.5046691894533,472.09882646881636
2024-01-29,475.7027282714844,471.9650573730469,473.49981689453136,471.988199426615
2024-01-30,475.3347473144531,475.7027282714844,476.6807250976564,475.060114781322
2024-01-31,467.5785827636719,475.3347473144531,476.90342712402366,475.2872358862214
2024-02-01,473.6982727050781,467.5785827636719,469.26342773437517,468.9121797538729
2024-02-02,478.68511962890625,473.6982727050781,469.636199951172,472.87027862451964
2024-02-05,476.94207763671875,478.68511962890625,477.86688232421886,477.6791521351474
2024-02-06,478.3268737792969,476.94207763671875,482.4953460693361,477.06959152494693
2024-02-07,482.3162536621094,478.3268737792969,479.94877624511724,478.10936394929433
2024-02-08,482.529296875,482.3162536621094,482.13713073730486,481.58846174179234
2024-02-09,485.31805419921875,482.529296875,485.21638488769554,482.36653239695505
2024-02-12,485.1050109863281,485.31805419921875,487.4192657470705,484.80744092742714
2024-02-13,478.423583984375,485.1050109863281,486.60591125488315,485.05353136613826
2024-02-14,482.7713623046875,478.423583984375,479.7114410400393,479.57056488142007
2024-02-15,486.1024169921875,482.7713623046875,479.32412719726585,482.21762435046224
2024-02-16,483.681640625,486.1024169921875,484.93559265136724,485.43034786516904
2024-02-20,481.01873779296875,483.681640625,487.52105712890636,483.9841669775492
2024-02-21,481.4544677734375,481.01873779296875,481.4738769531253,481.5317570419012
2024-02-22,491.4184265136719,481.4544677734375,478.9126281738283,481.46783881688174
2024-02-23,491.75732421875,491.4184265136719,490.3048400878908,489.6969748421272
2024-02-26,489.9562072753906,491.75732421875,496.9571685791016,491.40088377659424
2024-02-27,490.866455078125,489.9562072753906,495.10763549804705,490.2061363100988
2024-02-28,490.2177429199219,490.866455078125,490.1353454589846,490.7522199312565
2024-02-29,491.97998046875,490.2177429199219,489.7723083496096,490.31020744288276
2024-03-01,496.59881591796875,491.97998046875,492.1107482910158,491.69110973527495
2024-03-04,496.0662841796875,496.59881591796875,497.1555786132814,495.74978274836275
2024-03-05,491.1084899902344,496.0662841796875,499.25682067871105,496.0115294320683
2024-03-06,493.5970764160156,491.1084899902344,493.1516418457034,491.9567158136717
2024-03-07,498.4967956542969,493.5970764160156,490.85191345214866,493.31329403181013
2024-03-08,495.5046691894531,498.4967956542969,497.26219177246105,497.6000498736067
2024-03-11,495.0785827636719,495.5046691894531,499.1988220214846,495.86717004781167
2024-03-12,500.4044494628906,495.0785827636719,496.0323791503908,495.215008363828
2024-03-13,499.6199645996094,500.4044494628906,498.6953430175783,499.5066761527528
2024-03-14,498.63232421875,499.6199645996094,502.0698547363283,499.60036569830316
2024-03-15,495.20843505859375,498.63232421875,500.90301513671886,498.7997953947127
2024-03-18,498.1515197753906,495.20843505859375,494.3223724365236,495.8297403967423
2024-03-19,500.9197692871094,498.1515197753906,495.945755004883,497.74985194288445
2024-03-20,505.5530090332031,500.9197692871094,500.6793670654298,500.3713735865585
2024-03-21,507.22369384765625,505.5530090332031,508.40867614746105,504.6565861009336
2024-03-22,506.2620849609375,507.22369384765625,510.9244384765627,506.77958420747325
2024-03-25,504.86334228515625,506.2620849609375,509.4140472412111,506.3516123305882
2024-03-26,503.9308776855469,504.86334228515625,505.2178802490236,505.120813003016
2024-03-27,508.1658630371094,503.9308776855469,502.75070190429716,504.136736495469
2024-03-28,508.06878662109375,508.1658630371094,507.00025939941435,507.46882414540556
2024-04-01,507.18475341796875,508.06878662109375,509.72004699707054,507.9649931127997
2024-04-02,503.9600830078125,507.18475341796875,509.2537078857424,507.3197348851745
2024-04-03,504.51361083984375,503.9600830078125,503.46952819824236,504.5413027825962
2024-04-04,498.35552978515625,504.51361083984375,502.4592590332034,504.5184015459399
2024-04-05,503.5616760253906,498.35552978515625,497.01995849609386,499.4217065997718
2024-04-08,503.84344482421875,503.5616760253906,500.7593994140627,502.84546131475855
2024-04-09,504.42620849609375,503.84344482421875,503.36747741699236,503.67079367708214
2024-04-10,499.3753662109375,504.42620849609375,507.17016601562517,504.2955217324047
2024-04-11,503.1441345214844,499.3753662109375,499.8076324462893,500.2265531161513
2024-04-12,496.1991882324219,503.1441345214844,500.9100952148439,502.63939293836177
2024-04-15,489.98272705078125,496.1991882324219,495.55815124511736,497.31334364654947
2024-04-16,489.089111328125,489.98272705078125,488.3946380615235,491.2509237218492
2024-04-17,486.1945495605469,489.089111328125,482.50840759277366,489.4631048722392
2024-04-18,485.194091796875,486.1945495605469,482.6395111083987,486.76000962946966
2024-04-19,480.9591369628906,485.194091796875,483.30000305175804,485.46499558191385
2024-04-22,485.3883972167969,480.9591369628906,479.01162719726574,481.7386505039816
2024-04-23,491.1483154296875,485.3883972167969,482.77069091796903,484.7569910354798
2024-04-24,490.91522216796875,491.1483154296875,491.24546813964866,490.0426163094896
2024-04-25,489.0502014160156,490.91522216796875,496.00981140136736,490.76426135445183
2024-04-26,493.6834716796875,489.0502014160156,491.8136138916017,489.34673378536513
2024-04-29,495.4318542480469,493.6834716796875,492.6344146728518,492.93321602396975
2024-04-30,487.58355712890625,495.4318542480469,496.8159790039064,494.99958983528154
2024-05-01,486.0003356933594,487.58355712890625,490.7743835449221,488.8665307871092
2024-05-02,490.54608154296875,486.0003356933594,482.9503784179689,486.49618744457814
2024-05-03,496.6265869140625,490.54608154296875,485.8303222656251,489.8454498639472
2024-05-06,501.7551574707031,496.6265869140625,498.107849121094,495.45345020439254
2024-05-07,502.308837890625,501.7551574707031,507.0682830810548,500.6649621136314
2024-05-08,502.35736083984375,502.308837890625,507.9133758544924,502.02444738120516
2024-05-09,505.2518005371094,502.35736083984375,505.1984863281252,502.2997668114993
2024-05-10,505.90277099609375,505.2518005371094,505.55290222167986,504.7410987025788
2024-05-13,505.9705505371094,505.90277099609375,507.3742523193361,505.70180168931563
2024-05-14,508.29205322265625,505.9705505371094,507.7432556152346,505.9240569864411
2024-05-15,514.5863647460938,508.29205322265625,508.65142822265636,507.88238987379106
2024-05-16,513.527587890625,514.5863647460938,515.7810058593752,513.4265770931854
2024-05-17,514.2656860351562,513.527587890625,517.8354949951172,513.510113022668
2024-05-20,514.8582763671875,514.2656860351562,516.8834533691409,514.1349719039957
2024-05-21,516.1209106445312,514.8582763671875,514.6979370117189,514.7331446950553
2024-05-22,514.6348876953125,516.1209106445312,516.7862548828127,515.8808271352719
2024-05-23,510.8758850097656,514.6348876953125,515.5625000000001,514.8504352184254
2024-05-24,514.256103515625,510.8758850097656,510.7641906738282,511.5634821958638
2024-05-28,514.615478515625,514.256103515625,511.63359069824224,513.7902800273064
2024-05-29,511.0117492675781,514.615478515625,514.4260864257815,514.4727191771459
2024-05-30,507.6219482421875,511.0117492675781,512.881546020508,511.61049706193336
2024-05-31,512.2454223632812,507.6219482421875,505.99977111816423,508.31196718800356
2024-06-03,512.6629638671875,512.2454223632812,508.74865722656267,511.5649346179582
2024-06-04,513.2361450195312,512.6629638671875,513.2798004150392,512.4730048070708
2024-06-05,519.3359375,513.2361450195312,515.7566528320315,513.1041217627755
2024-06-06,519.3262939453125,519.3359375,519.8312988281251,518.2578333774602
2024-06-07,518.6949462890625,519.3262939453125,522.6627807617191,519.141450267074
2024-06-10,520.297607421875,518.6949462890625,521.7400207519532,518.7721914772585
2024-06-11,521.5506591796875,520.297607421875,519.9771118164065,520.0337104634564
2024-06-12,525.8341674804688,521.5506591796875,522.036315917969,521.2882270517795
2024-06-13,526.892822265625,525.8341674804688,527.2620239257815,525.0477197863055
2024-06-14,527.2135620117188,526.892822265625,529.6611022949221,526.5736195367027
2024-06-17,531.4096069335938,527.2135620117188,529.8846435546877,527.102851963541
2024-06-18,532.759765625,531.4096069335938,532.0993041992191,530.6645383237747
2024-06-20,531.3124389648438,532.759765625,535.0181579589845,532.397291301888
2024-06-21,530.60009765625,531.3124389648438,534.0855407714847,531.5001184191524
2024-06-24,528.875244140625,530.60009765625,530.5515136718751,530.755801248232
2024-06-25,530.9119873046875,528.875244140625,527.7954101562502,529.200580520241
2024-06-26,531.5746459960938,530.9119873046875,529.6933898925784,530.6159139309783
2024-06-27,532.41259765625,531.5746459960938,531.7305908203127,531.4087853488288
2024-06-28,530.3175048828125,532.41259765625,533.7622985839846,532.2389381270661
2024-07-01,531.408935546875,530.3175048828125,531.0678100585939,530.6499128340683
2024-07-02,534.9851684570312,531.408935546875,530.7803649902345,531.2776246175595
2024-07-03,537.3726806640625,534.9851684570312,534.483337402344,534.3437633728026
2024-07-05,540.4712524414062,537.3726806640625,539.706512451172,536.8486779726745
2024-07-08,541.0950317382812,540.4712524414062,543.4531250000002,539.8445470583157
2024-07-09,541.6212768554688,541.0950317382812,543.8380737304691,540.8786978886471
2024-07-10,546.9805908203125,541.6212768554688,543.4824523925785,541.4928106942086
2024-07-11,542.2642822265625,546.9805908203125,547.555603027344,546.0312048584965
2024-07-12,545.6846923828125,542.2642822265625,545.2070617675782,542.9159598418871
2024-07-15,547.185302734375,545.6846923828125,546.0061950683595,545.2057016532324
2024-07-16,550.43017578125,547.185302734375,546.5373535156252,546.8428317473373
2024-07-17,542.712646484375,550.43017578125,552.8906860351565,549.8095652633831
2024-07-18,538.5418090820312,542.712646484375,545.0853881835938,543.9404134331435
2024-07-19,534.965576171875,538.5418090820312,536.3054809570312,539.4757676347737
2024-07-22,540.4811401367188,534.965576171875,529.021392822266,535.7458392949565
2024-07-23,539.63330078125,540.4811401367188,536.6076049804691,539.6619330910938
2024-07-24,527.4038696289062,539.63330078125,540.602966308594,539.638254170853
2024-07-25,524.656005859375,527.4038696289062,529.7377319335941,529.520418154663
2024-07-26,530.5319213867188,524.656005859375,518.117370605469,525.4975491864598
2024-07-29,530.84375,530.5319213867188,523.0432739257815,529.660974996074
2024-07-30,528.1541748046875,530.84375,532.4077758789065,530.6391299243209
2024-07-31,536.7391967773438,528.1541748046875,531.2480468750003,528.5840720403841
2024-08-01,529.1384887695312,536.7391967773438,535.5503234863285,535.3283601978496
2024-08-02,519.2866821289062,529.1384887695312,532.0862121582035,530.2093365266303
2024-08-05,504.1632385253906,519.2866821289062,519.7788391113282,521.1763013397125
2024-08-06,508.81134033203125,504.1632385253906,495.4369812011722,507.1064983922683
2024-08-07,505.41046142578125,508.81134033203125,496.3237152099612,508.51640267645223
2024-08-08,517.09423828125,505.41046142578125,500.17279052734386,505.94778926214735
2024-08-09,519.3743286132812,517.09423828125,517.7178497314454,515.1659026009453
2024-08-12,519.647216796875,519.3743286132812,523.5157775878909,518.6462709131472
2024-08-13,528.1931762695312,519.647216796875,526.6291503906252,519.47405315899
2024-08-14,529.8595581054688,528.1931762695312,529.469665527344,526.6847679714076
2024-08-15,538.94140625,529.8595581054688,534.2689819335941,529.3103194122762
2024-08-16,540.1497192382812,538.94140625,544.0475769042972,537.2752282270737
2024-08-19,545.3143310546875,540.1497192382812,545.5238342285157,539.6524322933424
2024-08-20,544.4275512695312,545.3143310546875,550.4594116210941,544.3348225689748
2024-08-21,546.2984619140625,544.4275512695312,547.6140136718753,544.411509204335
2024-08-22,542.0109252929688,546.2984619140625,548.4373779296876,545.9720190952796
2024-08-23,547.7699584960938,542.0109252929688,542.5029907226564,542.6961945207686
2024-08-26,546.4641723632812,547.7699584960938,546.5616455078128,546.8921973283625
2024-08-27,547.2145385742188,546.4641723632812,547.199920654297,546.5382206822403
2024-08-28,544.0377807617188,547.2145385742188,549.4411621093752,547.0975355789064
2024-08-29,544.0866088867188,544.0377807617188,543.7600708007816,544.5671183450922
2024-08-30,549.2803344726562,544.0866088867188,542.8734130859378,544.1697370230174
2024-09-03,537.9767456054688,549.2803344726562,547.7163696289064,548.3962011138688
2024-09-04,536.8755493164062,537.9767456054688,540.5980224609378,539.7793114084219
2024-09-05,535.56982421875,536.8755493164062,533.8206176757815,537.3779001583249
2024-09-06,526.55615234375,535.56982421875,529.3674316406251,535.8826213562965
2024-09-09,532.45166015625,526.55615234375,525.3526916503909,528.1696314829205
2024-09-10,534.770751953125,532.45166015625,527.2919616699221,531.710869195764
2024-09-11,540.2568969726562,534.770751953125,533.2116699218752,534.2413922361015
2024-09-12,544.8078002929688,540.2568969726562,544.3641967773439,539.2162146532323
2024-09-13,547.653076171875,544.8078002929688,548.7104187011723,543.8404559772944
2024-09-16,548.4617309570312,547.653076171875,552.6716003417971,546.9934928782126
2024-09-17,548.6859741210938,548.4617309570312,552.1598205566409,548.2077257693957
2024-09-18,547.0586547851562,548.6859741210938,550.5129394531252,548.60323715625
2024-09-19,556.3939208984375,547.0586547851562,547.5751037597657,547.3258675353554
2024-09-20,555.4320678710938,556.3939208984375,555.6923828125002,554.8251476666243
2024-09-23,556.8200073242188,555.4320678710938,559.2860412597657,555.3270706757205
2024-09-24,558.4133911132812,556.8200073242188,561.0067138671875,556.5617292840285
2024-09-25,557.1817626953125,558.4133911132812,558.6264343261719,558.0930536168205
2024-09-26,559.3907470703125,557.1817626953125,558.6724243164064,557.3394160247334
2024-09-27,558.5795288085938,559.3907470703125,559.5716247558595,559.0358667994274
2024-09-30,560.8178100585938,558.5795288085938,559.0682067871096,558.6584752810079
2024-10-01,555.793701171875,560.8178100585938,561.5166931152346,560.4442451420714
2024-10-02,556.0283203125,555.793701171875,556.5072326660159,556.598245278719
2024-10-03,555.0117797851562,556.0283203125,554.6354064941407,556.1269173316559
2024-10-04,560.0554809570312,555.0117797851562,552.6170349121097,555.2046985807007
2024-10-07,554.9921875,560.0554809570312,559.6645202636722,559.2162956059261
2024-10-08,560.2410278320312,554.9921875,557.0057678222659,555.7229582023252
2024-10-09,564.12158203125,560.2410278320312,560.2312316894532,559.4594017860921
2024-10-10,563.1343994140625,564.12158203125,564.2143554687503,563.3150248488377
2024-10-11,566.5064697265625,563.1343994140625,567.6990966796877,563.1656476142786
2024-10-14,571.1396484375,566.5064697265625,567.9531555175784,565.9285075011373
2024-10-15,566.7019653320312,571.1396484375,572.3320922851564,570.2381210555093
2024-10-16,569.1651611328125,566.7019653320312,570.7045898437505,567.313720272193
2024-10-17,569.2140502929688,569.1651611328125,569.2629089355471,568.8448618639253
2024-10-18,571.403564453125,569.2140502929688,568.2268066406252,569.1501806947442
2024-10-21,570.4651489257812,571.403564453125,572.659606933594,571.0137290629251
2024-10-22,570.1621704101562,570.4651489257812,571.5843505859378,570.5600532895071
2024-10-23,564.952392578125,570.1621704101562,570.7877197265627,570.231004148284
2024-10-24,566.1741943359375,564.952392578125,564.3316955566409,565.8655923797625
2024-10-25,565.9786376953125,566.1741943359375,563.4178161621095,566.1208061975192
2024-10-28,567.7283935546875,565.9786376953125,563.9846496582035,566.0032328461942
2024-10-29,568.6472778320312,567.7283935546875,568.2415161132815,567.4299407521181
2024-10-30,566.9268188476562,568.6472778320312,569.4243774414065,568.4366785172062
2024-10-31,555.8133544921875,566.9268188476562,568.261138916016,567.1880245704884
2024-11-01,558.1591186523438,555.8133544921875,555.412567138672,557.7811724157335
2024-11-04,556.9569091796875,558.1591186523438,551.7421569824221,558.0937339534102
2024-11-05,563.6915283203125,556.9569091796875,552.5730590820315,557.1535798655415
2024-11-06,577.7080078125,563.6915283203125,564.2633056640627,562.5604632376371
2024-11-07,582.1749267578125,577.7080078125,580.4742126464845,575.0874826010487
2024-11-08,584.69677734375,582.1749267578125,592.550476074219,580.9487989186923
2024-11-11,585.25390625,584.69677734375,593.9384765625003,584.048377076215
2024-11-12,583.4359130859375,585.25390625,588.7482910156252,585.0453497029353
2024-11-13,583.7193603515625,583.4359130859375,584.9754028320315,583.7143456206782
2024-11-14,579.9658813476562,583.7193603515625,583.0889282226565,583.7184928031195
2024-11-15,572.5374145507812,579.9658813476562,579.1986083984378,580.6150831294514
2024-11-18,574.88330078125,572.5374145507812,570.8023986816409,573.9348512148912
2024-11-19,576.9848022460938,574.88330078125,569.2923278808598,574.7192190062699
2024-11-20,577.18017578125,576.9848022460938,574.4435119628909,576.5928563456042
2024-11-21,580.2786865234375,577.18017578125,579.4038696289062,577.0785695188833
2024-11-22,582.0772705078125,580.2786865234375,581.4271240234376,579.7250662816497
2024-11-25,584.0516357421875,582.0772705078125,583.7242126464844,581.6703391766863
2024-11-26,587.1012573242188,584.0516357421875,586.5001831054689,583.6396714363558
2024-11-27,585.322265625,587.1012573242188,588.987731933594,586.5024029656184
2024-11-29,588.9584350585938,585.322265625,587.8342590332034,585.526429384927
2024-12-02,590.0139770507812,588.9584350585938,589.5937500000002,588.3646980770494
2024-12-03,590.2877807617188,590.0139770507812,590.9425659179691,589.7286517883256
2024-12-04,593.9530639648438,590.2877807617188,592.6336364746096,590.1910514493218
2024-12-05,592.9756469726562,593.9530639648438,594.6177368164065,593.3022357996584
2024-12-06,594.0997924804688,592.9756469726562,594.9451904296876,593.0321468397276
2024-12-09,591.0404052734375,594.0997924804688,595.4437255859377,593.9150897846205
2024-12-10,589.2026977539062,591.0404052734375,591.1137695312502,591.5377256938722
2024-12-11,593.757568359375,589.2026977539062,588.2350769042971,589.6066575875203
2024-12-12,590.6982421875,593.757568359375,591.309020996094,593.0394607958441
2024-12-13,590.5809936523438,590.6982421875,592.056823730469,591.1032730067435
2024-12-16,593.1027221679688,590.5809936523438,591.3287658691409,590.6713479806549
2024-12-17,590.6591186523438,593.1027221679688,591.5144348144536,592.6820944335635
2024-12-18,573.0554809570312,590.6591186523438,591.8613586425782,591.0090934624948
2024-12-19,572.8794555664062,573.0554809570312,573.0945434570314,576.1614559204764
2024-12-20,579.7603149414062,572.8794555664062,562.8558349609378,573.4472416276603
2024-12-23,583.2320556640625,579.7603149414062,570.8704833984375,578.6681532581282
2024-12-24,589.7146606445312,583.2320556640625,586.5844726562502,582.4425005478358
2024-12-26,589.75390625,589.7146606445312,594.8909606933596,588.4565769478029
2024-12-27,583.5458984375,589.75390625,594.7310791015627,589.5294682807199
2024-12-30,576.88671875,583.5458984375,586.8068237304688,584.581056020377
2024-12-31,574.7879638671875,576.88671875,573.8023376464846,578.2178390977753
2025-01-02,573.375732421875,574.7879638671875,568.3543701171878,575.3813322820793
2025-01-03,580.5448608398438,573.375732421875,568.9967651367192,573.7227011976903
2025-01-06,583.88916015625,580.5448608398438,578.7893676757814,579.3646272217512
2025-01-07,577.2888793945312,583.88916015625,586.7676086425784,583.1064159585817
2025-01-08,578.13232421875,577.2888793945312,582.5455932617192,578.2953132201119
2025-01-10,569.3057861328125,578.13232421875,576.5043334960941,578.1605213159855
2025-01-13,570.1884155273438,569.3057861328125,566.4273681640627,570.8376553195014
2025-01-14,570.9729614257812,570.1884155273438,566.1968688964846,570.300734011387
2025-01-15,581.35888671875,570.9729614257812,567.0010070800785,570.856666083091
2025-01-16,580.2409057617188,581.35888671875,582.1924743652347,579.5420025487809
2025-01-17,586.06640625,580.2409057617188,585.8261413574219,580.1199955058805
2025-01-21,591.4309692382812,586.06640625,590.7003784179686,585.0376771912673
2025-01-22,594.7557373046875,591.4309692382812,593.7847290039064,590.3249297141479
2025-01-23,598.0018920898438,594.7557373046875,600.350769042969,593.9892075915242
2025-01-24,596.2561645507812,598.0018920898438,602.3465576171876,597.3076976716345
2025-01-27,587.8218383789062,596.2561645507812,599.5416259765626,596.4380797806889
2025-01-28,592.8726196289062,587.8218383789062,588.5720520019532,589.3124481414146
2025-01-29,590.21484375,592.8726196289062,587.7825927734377,592.2567099615702
2025-01-30,593.3826904296875,590.21484375,588.5230712890627,590.5680866046016
2025-01-31,590.2246704101562,593.3826904296875,594.5791931152346,592.8957639679476
2025-02-03,586.2528076171875,590.2246704101562,590.4797058105471,590.6867695956541
2025-02-04,590.185546875,586.2528076171875,586.257720947266,587.0198830394622
2025-02-05,592.5784912109375,590.185546875,586.6206054687502,589.6378870314519
2025-02-06,594.6380004882812,592.5784912109375,592.5589294433596,592.0697666878865
2025-02-07,589.1949462890625,594.6380004882812,597.8008422851565,594.1936960408129
2025-02-10,593.1964111328125,589.1949462890625,591.4211730957034,590.0597299961153
2025-02-11,593.6474609375,593.1964111328125,591.5046386718753,592.6537652961639
2025-02-12,591.7349853515625,593.6474609375,592.9266662597657,593.4755515915489
2025-02-13,597.9822998046875,591.7349853515625,593.9612426757815,592.0361033110801
2025-02-14,597.952880859375,597.9822998046875,597.2515869140627,596.9536078112934
2025-02-18,599.7083740234375,597.952880859375,600.120300292969,597.7800066220569
2025-02-19,601.1206665039062,599.7083740234375,602.8173217773439,599.3747664629987
2025-02-20,598.619873046875,601.1206665039062,601.9837036132814,600.8186257968292
2025-02-21,588.3809204101562,598.619873046875,600.2037658691407,599.0002572726171
2025-02-24,585.7035522460938,588.3809204101562,587.8366699218755,590.218065687362
2025-02-25,582.7906494140625,585.7035522460938,579.333679199219,586.4845630714332
2025-02-26,583.0850219726562,582.7906494140625,576.3324890136721,583.4296964767876
2025-02-27,573.7777709960938,583.0850219726562,580.2898864746095,583.144650661871
2025-02-28,582.7318115234375,573.7777709960938,572.4685058593753,575.3982411782732
2025-03-03,572.5224609375,582.7318115234375,578.2253723144534,581.4631038537241
2025-03-04,565.74560546875,572.5224609375,572.3458557128909,574.0691921620067
2025-03-05,571.8262329101562,565.74560546875,565.1179504394532,567.1855859666834
2025-03-06,561.675537109375,571.8262329101562,563.3331298828128,571.0234009889355
2025-03-07,564.8237915039062,561.675537109375,561.3274230957035,563.2927175605389
2025-03-10,549.7792358398438,564.8237915039062,562.788757324219,564.5589157117037
2025-03-11,545.2090454101562,549.7792358398438,546.2780151367189,552.3361204576755
2025-03-12,548.102294921875,545.2090454101562,539.2608947753907,546.4420293933771
2025-03-13,540.7957763671875,548.102294921875,538.2949218750003,547.8150689854449
2025-03-14,551.9662475585938,540.7957763671875,539.9573059082035,542.010113990146
2025-03-17,556.22265625,551.9662475585938,549.7596130371097,550.2438364512523
2025-03-18,550.2108154296875,556.22265625,558.1546325683594,555.1883204248167
2025-03-19,556.2030639648438,550.2108154296875,557.9242553710939,551.0719237938449
2025-03-20,554.5947265625,556.2030639648438,555.325347900391,555.315376715261
2025-03-21,554.777587890625,554.5947265625,554.584930419922,554.7193990389277
2025-03-24,564.712890625,554.777587890625,556.9695434570316,554.7675212192814
2025-03-25,566.0703735351562,564.712890625,564.0001525878909,562.9923417178106
2025-03-26,559.3125,566.0703735351562,571.1294555664065,565.5378740307555
2025-03-27,557.8270263671875,559.3125,564.958892822266,560.3894897073206
2025-03-28,546.5934448242188,557.8270263671875,555.1268310546878,558.2703325250305
2025-03-31,550.2625732421875,546.5934448242188,542.4717712402346,548.6135463964592
2025-04-01,551.8167724609375,550.2625732421875,543.9030456542971,549.9772915978765
2025-04-02,555.308837890625,551.8167724609375,548.0345458984376,551.4985422716279
2025-04-03,527.9428100585938,555.308837890625,557.9205017089845,554.6496567485385
2025-04-04,497.03546142578125,527.9428100585938,530.4659423828128,532.5630945359542
2025-04-07,496.1501159667969,497.03546142578125,485.09848022460955,503.1817419538412
2025-04-08,488.3790283203125,496.1501159667969,467.0134277343751,497.3665872625555
2025-04-09,539.668212890625,488.3790283203125,472.4826812744143,489.93387601732053
2025-04-10,516.0205078125,539.668212890625,535.3399963378909,531.0641726115433
2025-04-11,525.2278442382812,516.0205078125,537.7795562744143,518.6230618227345
2025-04-14,530.3233642578125,525.2278442382812,539.0485839843751,524.0852168803917
2025-04-15,528.8378295898438,530.3233642578125,523.1031799316409,529.2441647615187
2025-04-16,517.0828247070312,528.8378295898438,535.9892578125001,528.9081255745435
2025-04-17,517.820556640625,517.0828247070312,518.8878173828126,519.1286017571109
2025-04-21,505.4951171875,517.820556640625,511.20028686523455,518.0468484457771
2025-04-22,518.6469116210938,505.4951171875,499.98648071289097,507.6665666951819
2025-04-23,526.6836547851562,518.6469116210938,512.8530578613284,516.747311948911
2025-04-24,537.769775390625,526.6836547851562,527.0968322753909,524.9646674744859
2025-04-25,541.6553344726562,537.769775390625,548.3640441894534,535.554491721133
2025-04-28,541.86181640625,541.6553344726562,551.2167663574221,540.5998886766428
2025-04-29,545.2752685546875,541.86181640625,549.3476562500001,541.643502909028
2025-04-30,545.49169921875,545.2752685546875,547.3212890625001,544.6469730979884
2025-05-01,549.3574829101562,545.49169921875,547.3016662597657,545.3455615998582
2025-05-02,557.5123291015625,549.3574829101562,551.1724243164066,548.6634205234747
2025-05-05,554.3153076171875,557.5123291015625,559.5534362792971,555.9814679175533
2025-05-06,549.68212890625,554.3153076171875,560.325622558594,554.6035533491508
2025-05-07,551.9938354492188,549.68212890625,552.1610412597657,550.5335353348719
2025-05-08,555.8400268554688,551.9938354492188,548.0787353515628,551.7412035294367
2025-05-09,555.1317138671875,555.8400268554688,554.6792907714846,555.1309304200652
2025-05-12,573.4774169921875,555.1317138671875,558.2106628417972,555.1315783308353
2025-05-13,577.2646484375,573.4774169921875,575.0463562011721,570.3035869037735
2025-05-14,578.00244140625,577.2646484375,586.0833435058597,576.0603847921653
2025-05-15,580.8256225585938,578.00244140625,589.0689086914065,577.6664656120133
2025-05-16,584.5045776367188,580.8256225585938,583.0881347656252,580.2790884068353
2025-05-19,585.1439208984375,584.5045776367188,586.2850646972659,583.7735679999489
2025-05-20,583.176513671875,585.1439208984375,588.394989013672,584.906849846999
2025-05-21,573.3495483398438,583.176513671875,585.3356628417971,583.4758618301714
2025-05-22,573.5758666992188,573.3495483398438,572.6855163574222,575.1014005736705
2025-05-23,569.66064453125,573.5758666992188,567.6786804199223,573.8397840594989
2025-05-27,581.5043334960938,569.66064453125,564.860321044922,570.3836356696371
2025-05-28,578.14013671875,581.5043334960938,579.659881591797,579.5804527721168
2025-05-29,580.4222412109375,578.14013671875,582.1043701171876,578.3893113959825
2025-05-30,579.7730102539062,580.4222412109375,584.6619873046878,580.0705443529503
2025-06-02,583.038818359375,579.7730102539062,579.2319641113284,579.8244836530408
2025-06-03,586.36376953125,583.038818359375,583.8552551269532,582.4827384551792
2025-06-04,586.2063598632812,586.36376953125,587.672058105469,585.6923511550897
2025-06-05,583.373291015625,586.2063598632812,589.5017395019532,586.1174363567641
2025-06-06,589.364013671875,583.373291015625,584.9570617675785,583.848028159642
2025-06-09,589.8950805664062,589.364013671875,587.8687744140626,588.4097481782587
2025-06-10,593.23974609375,589.8950805664062,591.4739074707035,589.6381180632567
2025-06-11,591.5476684570312,593.23974609375,596.5006408691409,592.6166644444746
2025-06-12,593.8988037109375,591.5476684570312,593.4855346679689,591.732604762859
2025-06-13,587.2588500976562,593.8988037109375,594.7250976562501,593.5240512929199
2025-06-16,592.8462524414062,587.2588500976562,587.5883789062503,588.3427299044369
2025-06-17,587.7801513671875,592.8462524414062,590.701843261719,592.0671430425106
2025-06-18,587.6917114257812,587.7801513671875,587.2538757324221,588.5218009270184
2025-06-20,586.3114013671875,587.6917114257812,587.952362060547,587.8353169094953
2025-06-23,592.1027221679688,586.3114013671875,583.7341308593752,586.5750387560067
2025-06-24,598.6439208984375,592.1027221679688,591.3683471679688,591.1464329376993
2025-06-25,598.979248046875,598.6439208984375,600.8494262695315,597.3468554812298
2025-06-26,603.6655883789062,598.979248046875,605.1455078125001,598.6968441330183
2025-06-27,606.6647338867188,603.6655883789062,607.1038513183596,602.8059956243676
2025-06-30,609.5653686523438,606.6647338867188,609.1755676269534,605.997172167332
2025-07-01,609.3681640625,609.5653686523438,613.4081115722659,608.9480706604368
2025-07-02,612.1305541992188,609.3681640625,612.318054199219,609.295487903943
2025-07-03,616.9549560546875,612.1305541992188,613.4822692871096,611.640087730136
2025-07-07,612.357421875,616.9549560546875,618.2375488281252,616.0354838345401
2025-07-08,612.0220336914062,612.357421875,616.150817871094,612.9937265940005
2025-07-09,615.692138671875,612.0220336914062,612.135467529297,612.190136563555
2025-07-10,617.4285278320312,615.692138671875,613.2256774902346,615.0862923071356
2025-07-11,615.258056640625,617.4285278320312,619.095886230469,617.0233210862243
2025-07-14,616.4320678710938,615.258056640625,617.9613037109376,615.5634473897137
2025-07-15,613.7978515625,616.4320678710938,616.215026855469,616.281796527815
2025-07-16,615.8499755859375,613.7978515625,613.2996215820315,614.2275740414995
2025-07-17,619.6187133789062,615.8499755859375,615.1198730468752,615.5693001187497
2025-07-18,619.1649780273438,619.6187133789062,619.3276672363282,618.9181648848992
2025-07-21,620.3389892578125,619.1649780273438,622.0754089355473,619.1222793537008
2025-07-22,620.4276733398438,620.3389892578125,621.9964904785157,620.1284984444012
2025-07-23,625.7060546875,620.4276733398438,620.7878112792971,620.3759160829321
2025-07-24,625.9132080078125,625.7060546875,626.3374023437502,624.7839407089098
2025-07-25,628.5572509765625,625.9132080078125,628.5967407226565,625.7178447651023
2025-07-28,628.3994140625,628.5572509765625,631.3000183105471,628.0660337019799
2025-07-29,626.7420043945312,628.3994140625,629.8250122070315,628.34173926013
2025-07-30,625.95263671875,626.7420043945312,627.9851074218752,627.0187585262798
2025-07-31,623.6046752929688,625.95263671875,625.0450134277345,626.1370757914526
2025-08-01,613.3834838867188,623.6046752929688,622.3812866210939,624.0427805792065
2025-08-04,622.7067260742188,613.3834838867188,611.8148193359378,615.2275422145192
2025-08-05,619.5496215820312,622.7067260742188,616.4221496582035,621.4128272664907
2025-08-06,624.295166015625,619.5496215820312,619.1006469726566,619.8719561654427
2025-08-07,623.7722778320312,624.295166015625,627.3782348632812,623.5299507115435
2025-08-08,628.63623046875,623.7722778320312,624.5664978027348,623.7303552401869
2025-08-11,627.3930053710938,628.63623046875,630.7475585937501,627.7875140542086
2025-08-12,634.072265625,627.3930053710938,629.5635375976565,627.4612553732726
2025-08-13,636.2428588867188,634.072265625,635.8826293945315,632.9285608514512
2025-08-14,636.3020629882812,636.2428588867188,638.9608764648439,635.6694853266174
2025-08-15,634.812255859375,636.3020629882812,640.726989746094,636.1926270528135
2025-08-18,634.6741333007812,634.812255859375,635.927154541016,635.0510600758398
2025-08-19,631.2308959960938,634.6741333007812,633.9588317871096,634.7393416328664
2025-08-20,629.5537109375,631.2308959960938,630.416931152344,631.8378570912554
2025-08-21,627.028076171875,629.5537109375,627.7630310058596,629.9488682220997
2025-08-22,636.6571044921875,627.028076171875,624.4678649902347,627.5333731965638
2025-08-25,633.8552856445312,636.6571044921875,634.5556945800781,635.0786989780447
2025-08-26,636.5092163085938,633.8552856445312,637.4069824218752,634.0669361512291
2025-08-27,637.95947265625,636.5092163085938,639.9228210449221,636.0867018413697
2025-08-28,640.21875,637.95947265625,637.8855285644534,637.6354833052757
2025-08-29,636.4006958007812,640.21875,642.2708435058595,639.7718448618127
2025-09-02,631.6847534179688,636.4006958007812,638.2554626464846,636.9839045883397
2025-09-03,635.1082763671875,631.6847534179688,630.9053649902347,632.6015065704429
2025-09-04,640.4160766601562,635.1082763671875,630.8412780761721,634.6746051923507
2025-09-05,638.5613403320312,640.4160766601562,639.7698669433596,639.4228020962258
2025-09-08,640.1300048828125,638.5613403320312,642.9270019531251,638.7103732172369
2025-09-09,641.60986328125,640.1300048828125,641.8565368652348,639.8844086046679
2025-09-10,643.4646606445312,641.60986328125,641.4668273925785,641.3113596222013
2025-09-11,648.81201171875,643.4646606445312,644.9889221191407,643.0921395676681
2025-09-12,648.5948486328125,648.81201171875,650.4793395996097,647.8224738366129
2025-09-15,652.0479736328125,648.5948486328125,652.1959228515631,648.46122779307
2025-09-16,651.1502685546875,652.0479736328125,654.6130676269534,651.427466602537
2025-09-17,650.3411865234375,651.1502685546875,652.7682495117191,651.1982238169655
2025-09-18,653.3798828125,650.3411865234375,651.6188964843753,650.4894539752178
2025-09-19,656.6160278320312,653.3798828125,652.5264892578128,652.8798386236501
2025-09-22,659.7225341796875,656.6160278320312,657.7308349609377,655.9696670989813
2025-09-23,656.1312866210938,659.7225341796875,662.8599548339845,659.0732881747253
2025-09-24,654.043701171875,656.1312866210938,659.3026123046878,656.640252889872
2025-09-25,651.0263061523438,654.043701171875,653.8013305664064,654.4929046190886
2025-09-26,654.756103515625,651.0263061523438,648.1868896484377,651.6260276870906
2025-09-29,656.5962524414062,654.756103515625,652.2036132812502,654.2146003972886
2025-09-30,659.0694580078125,656.5962524414062,656.9524536132815,656.1842266377739
2025-10-01,661.3153686523438,659.0694580078125,661.854431152344,658.5703129807958
2025-10-02,662.0769653320312,661.3153686523438,663.4720458984376,660.840474021166
2025-10-03,662.0672607421875,662.0769653320312,664.4365234375002,661.8630523352516
2025-10-06,664.4415893554688,662.0672607421875,663.5710144042972,662.0319326877876
2025-10-07,661.9781494140625,664.4415893554688,664.8175354003911,664.0247187519599
2025-10-08,665.925537109375,661.9781494140625,663.1604614257815,662.3322059095187
2025-10-09,663.996337890625,665.925537109375,665.8809814453128,665.3038908117999
2025-10-10,646.0499877929688,663.996337890625,664.7383117675786,664.2225445459883
2025-10-13,655.9629516601562,646.0499877929688,647.0590820312501,649.1938401112412
2025-10-14,655.16162109375,655.9629516601562,646.0251770019532,654.7918953621939
2025-10-15,658.0702514648438,655.16162109375,651.1449279785161,655.0976585421907
2025-10-16,653.5886840820312,658.0702514648438,662.6260681152346,657.5559928892247
2025-10-17,657.2986450195312,653.5886840820312,654.6423339843752,654.2750285056758
2025-10-20,664.1348876953125,657.2986450195312,656.5121765136722,656.7755593626342
2025-10-21,664.125,664.1348876953125,663.7490844726564,662.8617238937591
2025-10-22,660.6722412109375,664.125,669.3981018066407,663.9064532336203
2025-10-23,664.5899658203125,660.6722412109375,664.0854187011722,661.2317598908616
2025-10-24,670.0213623046875,664.5899658203125,662.8586425781253,664.0089961945175
2025-10-27,677.9260864257812,670.0213623046875,670.253845214844,668.9812229676281
2025-10-28,679.7266235351562,677.9260864257812,682.6006469726564,676.3786250475207
2025-10-29,680.05322265625,679.7266235351562,686.3946838378907,679.1474197967952
2025-10-30,672.5738525390625,680.05322265625,684.9058532714846,679.8965187615644
2025-10-31,674.780029296875,672.5738525390625,673.6374206542972,673.8406737955554
2025-11-03,676.04638671875,674.780029296875,671.2036437988286,674.6175207951467
2025-11-04,668.0328369140625,676.04638671875,673.4097900390628,675.7991929139666
2025-11-05,670.3478393554688,668.0328369140625,669.7691040039065,669.3764165020459
2025-11-06,663.1554565429688,670.3478393554688,666.9742431640627,670.1797832018266
2025-11-07,663.808349609375,663.1554565429688,660.3061828613282,664.3706650549511
2025-11-10,674.1666259765625,663.808349609375,661.3696594238284,663.9056301814596
2025-11-11,675.7099609375,674.1666259765625,670.8968811035159,672.3914737040097
2025-11-12,676.0859375,675.7099609375,681.2155456542971,675.1358626461061
2025-11-13,664.8670043945312,676.0859375,682.0367431640626,675.9215745502763
2025-11-14,664.7581176757812,664.8670043945312,665.8266601562503,666.7794450314751
2025-11-17,658.5650024414062,664.7581176757812,659.3366394042969,665.1078073083163
2025-11-18,653.0346069335938,658.5650024414062,652.9010925292972,659.6969076833817
2025-11-19,655.5574340820312,653.0346069335938,649.8836059570315,654.187184963307
2025-11-20,645.5652465820312,655.5574340820312,649.6956787109377,655.320380984492
2025-11-21,651.9959106445312,645.5652465820312,644.0614624023441,647.252884833657
2025-11-24,661.59228515625,651.9959106445312,648.2612304687503,651.17536717925
2025-11-25,667.8152465820312,661.59228515625,659.8115234375003,659.790158346229
2025-11-26,672.4254760742188,667.8152465820312,675.8287658691409,666.4269063172374
2025-11-28,676.0958862304688,672.4254760742188,680.335144042969,671.387723506261
2025-12-01,673.0091552734375,676.0958862304688,681.5124816894532,675.2813740791808
2025-12-02,674.2556762695312,673.0091552734375,677.1494750976566,673.4022491268311
2025-12-03,676.590576171875,674.2556762695312,674.547515869141,674.1080333738441
2025-12-04,677.0851440429688,676.590576171875,675.6704711914066,676.1610962678157
2025-12-05,678.3712768554688,677.0851440429688,678.8758544921877,676.9252837778672
2025-12-08,676.333251953125,678.3712768554688,679.7860107421877,678.1211200530437
2025-12-09,675.7495727539062,676.333251953125,677.2236022949219,676.642553134411
2025-12-10,680.2312622070312,675.7495727539062,675.3736267089846,675.9040583597335
2025-12-11,681.8140869140625,680.2312622070312,678.9204101562502,679.4826559414487
2025-12-12,674.4832763671875,681.8140869140625,683.7630920410161,681.4107493558002
2025-12-15,673.4642333984375,674.4832763671875,677.5155334472659,675.6817291942175
2025-12-16,671.6240844726562,673.4642333984375,670.5902404785157,673.8478601711074
2025-12-17,664.2338256835938,671.6240844726562,667.449157714844,672.0087976684883
2025-12-18,669.2496948242188,664.2338256835938,662.8042297363282,665.5788958369806
2025-12-19,675.3153686523438,669.2496948242188,664.6344909667971,668.6146465994266
2025-12-22,679.5225219726562,675.3153686523438,674.1281738281253,674.156143737189
2025-12-23,682.6282348632812,679.5225219726562,685.0632934570315,678.5941385379203
2025-12-24,685.0294799804688,682.6282348632812,687.7646484375005,681.9303361989938
2025-12-26,684.9599609375,685.0294799804688,688.6859130859377,684.4933281062736
2025-12-29,682.51904296875,684.9599609375,687.7134399414064,684.8792334576979
2025-12-30,681.6856079101562,682.51904296875,683.6849060058596,682.927355923338
2025-12-31,676.635009765625,681.6856079101562,680.4303894042971,681.9004303164368
2026-01-02,677.8753662109375,676.635009765625,674.9978332519536,677.5459275209155
2026-01-05,682.3900756835938,677.8753662109375,674.9333496093755,677.8183733175637
2026-01-06,686.4483642578125,682.3900756835938,680.4849548339846,681.5991711742705
2026-01-07,684.2356567382812,686.4483642578125,689.3258972167972,685.6094538543597
2026-01-08,684.1661987304688,684.2356567382812,688.522155761719,684.4733236393629
2026-01-09,688.6908569335938,684.1661987304688,685.0889892578127,684.2193313397074
2026-01-12,689.7723388671875,688.6908569335938,687.5497741699222,687.9172830058513
2026-01-13,688.3932495117188,689.7723388671875,691.9999389648438,689.4514142031763
2026-01-14,685.0095825195312,688.3932495117188,691.1963195800785,688.576312003341
2026-01-15,686.8750610351562,685.0095825195312,684.8607788085941,685.6266267202303
2026-01-16,686.2994995117188,686.8750610351562,684.4936828613285,686.659081898674
2026-01-20,672.3286743164062,686.2994995117188,685.5404052734377,686.3617072646621
2026-01-21,680.0880126953125,672.3286743164062,672.9736328125002,674.7563890164545
2026-01-22,683.6403198242188,680.0880126953125,672.8148193359377,679.1656417988701
2026-01-23,683.8883056640625,683.6403198242188,680.5345764160159,682.8662005258335
2026-01-26,687.3612060546875,683.8883056640625,689.5441284179689,683.711481475149
2026-01-27,690.099853515625,687.3612060546875,689.2613525390631,686.7298037024273
2026-01-28,690.0303344726562,690.099853515625,691.9602966308596,689.5168348979417
2026-01-29,688.6610717773438,690.0303344726562,693.1361083984376,689.9414990462307
2026-01-30,686.6071166992188,688.6610717773438,689.9956359863284,688.8825856948612
2026-02-02,690.0204467773438,686.6071166992188,685.8877258300784,687.0007728354649
2026-02-03,684.18603515625,690.0204467773438,688.3088378906252,689.4980431853987
2026-02-04,680.8719482421875,684.18603515625,684.8657226562501,685.1050125452927
2026-02-05,672.3683471679688,680.8719482421875,679.6614074707035,681.6042683666248
2026-02-06,685.267578125,672.3683471679688,667.7940979003907,673.9661615353361
2026-02-09,688.57177734375,685.267578125,679.3587341308596,683.3124330549882
2026-02-10,686.7559814453125,688.57177734375,690.7695922851564,687.6619107817942
2026-02-11,686.5972290039062,686.7559814453125,694.8576965332035,686.9127072205238
2026-02-12,675.9901123046875,686.5972290039062,687.3414306640627,686.6518067353811
2026-02-13,676.46630859375,675.9901123046875,675.0028381347661,677.8345854411974
2026-02-17,677.5578002929688,676.46630859375,671.0833740234377,676.7030204883584
2026-02-18,680.9711303710938,677.5578002929688,672.492340087891,677.4099233867712
2026-02-19,679.1751708984375,680.9711303710938,681.7549743652345,680.355041562806
2026-02-20,684.0867919921875,679.1751708984375,681.4275817871097,679.3792885233732
2026-02-23,677.1013793945312,684.0867919921875,684.8954772949224,683.2723938920826
2026-02-24,682.0228881835938,677.1013793945312,678.6592102050784,678.1689649026077
2026-02-25,687.778076171875,682.0228881835938,680.9859924316409,681.3561594559832
2026-02-26,683.9578247070312,687.778076171875,686.7461242675782,686.6670845800256
2026-02-27,680.6734619140625,683.9578247070312,689.2961730957036,684.4265266650593
2026-03-02,681.0604858398438,680.6734619140625,681.6409301757814,681.322742115985
2026-03-03,675.057373046875,681.0604858398438,677.5081787109376,681.1058561756163
2026-03-04,679.820068359375,675.057373046875,673.6087036132814,676.1037606281473
2026-03-05,676.0297241210938,679.820068359375,677.0120239257816,679.1771471218726
2026-03-06,667.1688842773438,676.0297241210938,675.4095153808597,676.5742283002286
2026-03-09,673.0133666992188,667.1688842773438,667.6550598144536,668.7960087933028
2026-03-10,671.9317016601562,673.0133666992188,666.6877746582034,672.2837637814953
2026-03-11,671.08837890625,671.9317016601562,670.4235229492191,671.9926084071479
2026-03-12,660.8978881835938,671.08837890625,673.4697875976565,671.2448106099054
2026-03-13,657.1571655273438,660.8978881835938,659.9353942871097,662.6879057633457
2026-03-16,663.844970703125,657.1571655273438,651.6402587890627,658.1139835881721
2026-03-17,665.5912475585938,663.844970703125,656.8793640136721,662.8535099322381
2026-03-18,656.3038330078125,665.5912475585938,667.0647888183597,665.1176189492342
2026-03-19,654.6864624023438,656.3038330078125,660.5208740234376,657.8286179756784
2026-03-20,645.3009643554688,654.6864624023438,650.9158935546878,655.2300553165308
2026-03-23,652.07666015625,645.3009643554688,639.8485717773441,647.0186970917325
2026-03-24,649.8877563476562,652.07666015625,646.5752258300781,651.2016325460885
2026-03-25,653.5094604492188,649.8877563476562,648.5828552246097,650.115056929985
2026-03-26,641.838623046875,653.5094604492188,655.802856445313,652.9222286403913
2026-03-27,630.89404296875,641.838623046875,642.5550231933596,643.7560868145533
2026-03-30,628.78466796875,630.89404296875,626.8694763183595,633.119176554074
2026-03-31,647.0621337890625,628.78466796875,617.4769592285159,629.5345379540111
2026-04-01,651.9373779296875,647.0621337890625,640.5351562500003,644.0298597095986
2026-04-02,652.5244750976562,651.9373779296875,660.021423339844,650.569377277612
2026-04-06,655.6087646484375,652.5244750976562,664.1008300781253,652.1862431747886
2026-04-07,655.8972778320312,655.6087646484375,658.3399353027347,655.0166684334962
2026-04-08,672.6027221679688,655.8972778320312,657.7329711914064,655.7449324060847
2026-04-09,676.4830322265625,672.6027221679688,674.2891235351566,669.6863245391628
2026-04-10,676.0353393554688,676.4830322265625,684.9800109863281,675.3072017966423
2026-04-13,682.6417846679688,676.0353393554688,686.3282165527347,675.9093715577917
2026-04-14,690.959716796875,682.6417846679688,684.3580932617191,681.4770771999081
2026-04-15,696.412109375,690.959716796875,694.0390930175784,689.3192201465997
2026-04-16,698.1234130859375,696.412109375,703.8742980957037,695.1850395384868
2026-04-17,706.5607299804688,698.1234130859375,705.0085754394534,697.6150744622286
2026-04-20,705.1477661132812,706.5607299804688,710.1425781250003,705.0131315758132
2026-04-21,700.53125,705.1477661132812,710.222076416016,705.1244743382993
2026-04-22,707.6253051757812,700.53125,704.0434265136721,701.3258778105258
2026-04-23,704.8792114257812,707.6253051757812,704.6105651855472,706.5355042415921
2026-04-24,710.3414916992188,704.8792114257812,706.1179809570315,705.1657500829166
2026-04-27,711.5653686523438,710.3414916992188,712.5154724121097,709.4460883995985
2026-04-28,708.1029052734375,711.5653686523438,712.9234619140625,711.1987331686188
2026-04-29,707.993408203125,708.1029052734375,711.445983886719,708.6384834993039
2026-04-30,715.0377197265625,707.993408203125,706.8741149902346,708.105006229364
2026-05-01,717.0177001953125,715.0377197265625,713.2517395019534,713.8383602915472
2026-05-04,714.3909912109375,717.0177001953125,720.4851074218752,716.467674391961
2026-05-05,720.1220092773438,714.3909912109375,718.9031372070315,714.7502574012545
2026-05-06,730.1312866210938,720.1220092773438,719.7986450195315,719.1926962027803
2026-05-07,727.8926391601562,730.1312866210938,731.6834411621096,728.2389104787255
2026-05-08,733.9021606445312,727.8926391601562,735.7627868652347,727.9525440982687
2026-05-11,735.5736694335938,733.9021606445312,737.7874755859377,732.8728769820278
2026-05-12,734.4593505859375,735.5736694335938,737.4591064453126,735.1064323394728
2026-05-13,738.5685424804688,734.4593505859375,738.2998657226566,734.5712957292991
2026-05-14,744.3989868164062,738.5685424804688,738.8471374511722,737.8770187925164
2026-05-15,735.4443969726562,744.3989868164062,745.8964233398439,743.2706863482733
2026-05-18,734.927001953125,735.4443969726562,740.4142150878911,736.7983450346379
2026-05-19,730.03173828125,734.927001953125,733.364929199219,735.2507443062268
2026-05-20,737.5138549804688,730.03173828125,725.2957458496097,730.934626323571
2026-05-21,738.9764404296875,737.5138549804688,734.8075256347659,736.3756484228254
2026-05-22,741.8817749023438,738.9764404296875,740.2698669433597,738.5265034125003
2026-05-26,746.8068237304688,741.8817749023438,746.354125976563,741.3013129346009
2026-05-27,746.6774291992188,746.8068237304688,748.9907836914066,745.8543703627836
2026-05-28,750.7965698242188,746.6774291992188,750.5926208496095,746.5350400205155
2026-05-29,752.6671142578125,750.7965698242188,753.1943969726566,750.059325168178
2026-06-01,754.7166748046875,752.6671142578125,754.6619873046877,752.2159667453058
2026-06-02,755.7415771484375,754.7166748046875,757.7115173339846,754.2840523104145
2026-06-03,750.4384155273438,755.7415771484375,757.7016296386721,755.4894253514594
2026-06-04,753.2740478515625,750.4384155273438,751.9756469726565,751.3122402269158
2026-06-05,733.83251953125,753.2740478515625,751.1349182128909,752.9346551324986
2026-06-08,735.4940795898438,733.83251953125,732.598754882813,737.137188990266
2026-06-09,733.3350830078125,735.4940795898438,727.1911315917971,735.7783375161168
2026-06-10,721.7736206054688,733.3350830078125,724.4450988769535,733.7577660377491
2026-06-11,734.04150390625,721.7736206054688,721.5249023437502,723.8468777652532
2026-06-12,738.0113525390625,734.04150390625,727.1812744140626,732.2778335838576
2026-06-15,751.0254516601562,738.0113525390625,738.3645629882815,737.019453759812
2026-06-16,746.5481567382812,751.0254516601562,759.1443176269532,748.6024140233967
2026-06-17,737.225341796875,746.5481567382812,755.0401306152345,746.9035432486062
2026-06-18,744.8902587890625,737.225341796875,741.4937438964847,738.8996706480245
2026-06-22,742.546142578125,744.8902587890625,737.990203857422,743.8538870406629
2026-06-23,731.7628784179688,742.546142578125,741.7171936035159,742.7723823701441
2026-06-24,731.4237060546875,731.7628784179688,734.4232788085941,733.667522601695
2026-06-25,732.4810791015625,731.4237060546875,724.860015869141,731.8118863173197
2026-06-26,727.1842651367188,732.4810791015625,726.9198608398442,732.3653087498885
2026-06-29,739.1644897460938,727.1842651367188,727.543365478516,728.0805856817972
2026-06-30,744.9202270507812,739.1644897460938,737.0447692871096,737.2469743429704
2026-07-01,743.9127197265625,744.9202270507812,748.2619323730471,743.59275433233
2026-07-02,742.9351806640625,743.9127197265625,752.780700683594,743.8573657133602
2026-07-06,749.4190673828125,742.9351806640625,745.3092956542971,743.094718677591
2026-07-07,745.85791015625,749.4190673828125,748.4265441894532,748.3249550568092
2026-07-08,743.5536499023438,745.85791015625,748.6110839843752,746.2847089240468
2026-07-09,749.8480224609375,743.5536499023438,745.0150146484378,744.0261231130985
2026-07-10,753.0799560546875,749.8480224609375,746.9153137207031,748.8408338737613
2026-07-13,747.3142700195312,753.0799560546875,755.0750122070316,752.3465879173873
2026-07-14,749.9677124023438,747.3142700195312,752.0774230957032,748.1848610158604
2026-07-15,752.9403076171875,749.9677124023438,748.700836181641,749.6592791124821
2026-07-16,748.8604125976562,752.9403076171875,751.384185791016,752.3726896858735
2026-07-17,741.4487915039062,748.8604125976562,751.6734313964847,749.4680365339178
2026-07-20,740.2518310546875,741.4487915039062,740.8951416015627,742.8361208940983
2026-07-21,746.426513671875,740.2518310546875,734.5060729980471,740.6989131969056
2026-07-22,745.55859375,746.426513671875,742.1222229003909,745.4356387897053
2026-07-23,736.3515014648438,745.55859375,748.0474548339848,745.5373225418691
2026-07-24,737.099609375,736.3515014648438,739.0048828125005,737.9406485111692
2026-07-27,737.25927734375,737.099609375,732.0621032714844,737.2451091455573
2026-07-28,739.0248413085938,737.25927734375,733.0297851562502,737.2568262454627
2026-07-29,727.6531372070312,739.0248413085938,739.4787292480472,738.7189747026721
2026-07-30,739.852783203125,727.6531372070312,728.6157531738284,729.567527093777
2026-07-31,745.1796264648438,739.852783203125,735.0497131347657,738.0734338962078
2026-08-03,755.793212890625,745.1796264648438,745.5935974121097,743.9502551504697
2026-08-04,769.4193725585938,755.793212890625,764.5564575195315,753.7443812015781
2026-08-05,767.8831787109375,769.4193725585938,777.389587402344,766.70759905383
2026-08-06,766.65625,767.8831787109375,780.0030517578126,767.6798034302578
2026-08-07,771.3446044921875,766.65625,772.7012329101565,766.8333247434346
2026-08-10,771.1151733398438,771.3446044921875,769.963043212891,770.5641530956533
2026-08-11,768.6513061523438,771.1151733398438,772.845886230469,771.0198468375988
2026-08-12,770.5764770507812,768.6513061523438,770.8807678222659,769.0610636908929
2026-08-13,775.9531860351562,770.5764770507812,769.2298278808597,770.3143105395206
2026-08-14,774.4169921875,775.9531860351562,775.6838378906253,774.9776605744113
2026-08-17,770.7560424804688,774.4169921875,778.0679321289065,774.5139878184356
2026-08-18,765.5490112304688,770.7560424804688,772.6763000488285,771.4061670239371
2026-08-19,767.1549682617188,765.5490112304688,762.9504394531251,766.5622991827388
2026-08-20,760.7109985351562,767.1549682617188,762.7209777832034,767.0524365110552
2026-08-21,763.8232421875,760.7109985351562,758.9104614257812,761.8080673049867
2026-08-24,761.5787963867188,763.8232421875,761.404235839844,763.4746169328251
2026-08-25,764.0127563476562,761.5787963867188,759.9129333496097,761.9067733411952
2026-08-26,764.182373046875,764.0127563476562,764.4466552734377,763.6484212875384
2026-08-27,769.18994140625,764.182373046875,764.2771301269532,764.0899993925098
2026-08-28,767.4442749023438,769.18994140625,770.4917297363282,768.3076514378729
2026-08-31,765.1499633789062,767.4442749023438,770.0328674316409,767.5936390429903
2026-09-01,759.89306640625,765.1499633789062,766.780914306641,765.5727192687928
2026-09-02,763.2646484375,759.89306640625,757.8730773925781,760.8756463514699
2026-09-03,771.2548217773438,763.2646484375,759.4890441894534,762.8513510766168
2026-09-04,768.2822265625,771.2548217773438,770.3121643066406,769.801021346118
2026-09-08,764.0626831054688,768.2822265625,773.9631042480471,768.5449780600659
2026-09-09,760.5115356445312,764.0626831054688,766.5714721679692,764.838120132614
2026-09-10,755.9528198242188,760.5115356445312,756.9154663085939,761.2600347609696
2026-09-11,762.3967895507812,755.9528198242188,752.0674743652348,756.8709680082767
2026-09-14,758.9952392578125,762.3967895507812,758.3418579101564,761.440822423928
2026-09-15,755.513916015625,758.9952392578125,759.9378662109378,759.4183251455504
2026-09-16,752.1821899414062,755.513916015625,757.0351257324221,756.1893787951021
2026-09-17,760.7109985351562,752.1821899414062,748.7407531738282,752.8754336130955
