date,actual_close,forecast,last_close
2022-01-03,99.88150787353516,98.94767761230469,98.94767761230469
2022-01-04,102.29792022705078,99.88150787353516,99.88150787353516
2022-01-05,101.26781463623047,102.29792022705078,102.29792022705078
2022-01-06,101.60476684570312,101.26781463623047,101.26781463623047
2022-01-07,102.44232940673828,101.60476684570312,101.60476684570312
2022-01-10,101.4892349243164,102.44232940673828,102.44232940673828
2022-01-11,102.66374206542969,101.4892349243164,101.4892349243164
2022-01-12,102.7022705078125,102.66374206542969,102.66374206542969
2022-01-13,103.19324493408203,102.7022705078125,102.7022705078125
2022-01-14,104.050048828125,103.19324493408203,103.19324493408203
2022-01-18,102.71188354492188,104.050048828125,104.050048828125
2022-01-19,101.37371826171875,102.71188354492188,102.71188354492188
2022-01-20,100.32437133789062,101.37371826171875,101.37371826171875
2022-01-21,98.40856170654297,100.32437133789062,100.32437133789062
2022-01-24,99.08245086669922,98.40856170654297,98.40856170654297
2022-01-25,98.79362487792969,99.08245086669922,99.08245086669922
2022-01-26,97.01261901855469,98.79362487792969,98.79362487792969
2022-01-27,95.13533020019531,97.01261901855469,97.01261901855469
2022-01-28,95.97288513183594,95.13533020019531,95.13533020019531
2022-01-31,97.35921478271484,95.97288513183594,95.97288513183594
2022-02-01,98.52407836914062,97.35921478271484,97.35921478271484
2022-02-02,99.1209487915039,98.52407836914062,98.52407836914062
2022-02-03,98.48558807373047,99.1209487915039,99.1209487915039
2022-02-04,98.60110473632812,98.48558807373047,98.48558807373047
2022-02-07,99.8911361694336,98.60110473632812,98.60110473632812
2022-02-08,101.13304138183594,99.8911361694336,99.8911361694336
2022-02-09,102.35568237304688,101.13304138183594,101.13304138183594
2022-02-10,101.61441040039062,102.35568237304688,102.35568237304688
2022-02-11,101.25819396972656,101.61441040039062,101.61441040039062
2022-02-14,100.20882415771484,101.25819396972656,101.25819396972656
2022-02-15,101.95133972167969,100.20882415771484,100.20882415771484
2022-02-16,102.9814453125,101.95133972167969,101.95133972167969
2022-02-17,101.65288543701172,102.9814453125,102.9814453125
2022-02-18,100.41100311279297,101.65288543701172,101.65288543701172
2022-02-22,99.02471160888672,100.41100311279297,100.41100311279297
2022-02-23,97.89832305908203,99.02471160888672,99.02471160888672
2022-02-24,100.59392547607422,97.89832305908203,97.89832305908203
2022-02-25,103.6168212890625,100.59392547607422,100.59392547607422
2022-02-28,107.72761535644531,103.6168212890625,103.6168212890625
2022-03-01,106.58198547363281,107.72761535644531,107.72761535644531
2022-03-02,107.38105010986328,106.58198547363281,106.58198547363281
2022-03-03,105.75406646728516,107.38105010986328,107.38105010986328
2022-03-04,105.2534408569336,105.75406646728516,105.75406646728516
2022-03-07,103.1162109375,105.2534408569336,105.2534408569336
2022-03-08,101.13304138183594,103.1162109375,103.1162109375
2022-03-09,103.51093292236328,101.13304138183594,101.13304138183594
2022-03-10,103.41466522216797,103.51093292236328,103.51093292236328
2022-03-11,101.8935775756836,103.41466522216797,103.41466522216797
2022-03-14,101.4218521118164,101.8935775756836,101.8935775756836
2022-03-15,103.14510345458984,101.4218521118164,101.4218521118164
2022-03-16,102.91407012939453,103.14510345458984,103.14510345458984
2022-03-17,104.51216125488281,102.91407012939453,102.91407012939453
2022-03-18,105.12828826904297,104.51216125488281,104.51216125488281
2022-03-21,106.47608184814453,105.12828826904297,105.12828826904297
2022-03-22,107.7564926147461,106.47608184814453,106.47608184814453
2022-03-23,107.33291625976562,107.7564926147461,107.7564926147461
2022-03-24,108.51874542236328,107.33291625976562,107.33291625976562
2022-03-25,108.8947525024414,108.51874542236328,108.51874542236328
2022-03-28,107.42931365966797,108.8947525024414,108.8947525024414
2022-03-29,107.99813842773438,107.42931365966797,107.42931365966797
2022-03-30,108.2102279663086,107.99813842773438,107.99813842773438
2022-03-31,106.81228637695312,108.2102279663086,108.2102279663086
2022-04-01,107.63177490234375,106.81228637695312,106.81228637695312
2022-04-04,107.33291625976562,107.63177490234375,107.63177490234375
2022-04-05,106.06031799316406,107.33291625976562,107.33291625976562
2022-04-06,105.6553726196289,106.06031799316406,106.06031799316406
2022-04-07,107.17863464355469,105.6553726196289,105.6553726196289
2022-04-08,105.72286987304688,107.17863464355469,107.17863464355469
2022-04-11,106.08922576904297,105.72286987304688,105.72286987304688
2022-04-12,106.68695831298828,106.08922576904297,106.08922576904297
2022-04-13,107.61248016357422,106.68695831298828,106.68695831298828
2022-04-14,107.90172576904297,107.61248016357422,107.61248016357422
2022-04-18,107.67034149169922,107.90172576904297,107.90172576904297
2022-04-19,108.60551452636719,107.67034149169922,107.67034149169922
2022-04-20,108.53804016113281,108.60551452636719,108.60551452636719
2022-04-21,105.32758331298828,108.53804016113281,108.53804016113281
2022-04-22,104.42134857177734,105.32758331298828,105.32758331298828
2022-04-25,103.7754135131836,104.42134857177734,104.42134857177734
2022-04-26,102.3485336303711,103.7754135131836,103.7754135131836
2022-04-27,101.51941680908203,102.3485336303711,102.3485336303711
2022-04-28,102.0689468383789,101.51941680908203,101.51941680908203
2022-04-29,99.16699981689453,102.0689468383789,102.0689468383789
2022-05-02,99.2152328491211,99.16699981689453,99.16699981689453
2022-05-03,100.00579833984375,99.2152328491211,99.2152328491211
2022-05-04,102.63776397705078,100.00579833984375,100.00579833984375
2022-05-05,100.1600341796875,102.63776397705078,102.63776397705078
2022-05-06,99.49479675292969,100.1600341796875,100.1600341796875
2022-05-09,95.07923126220703,99.49479675292969,99.49479675292969
2022-05-10,95.25275421142578,95.07923126220703,95.07923126220703
2022-05-11,94.21155548095703,95.25275421142578,95.25275421142578
2022-05-12,93.59453582763672,94.21155548095703,94.21155548095703
2022-05-13,95.1756362915039,93.59453582763672,93.59453582763672
2022-05-16,95.02139282226562,95.1756362915039,95.1756362915039
2022-05-17,97.26773071289062,95.02139282226562,95.02139282226562
2022-05-18,94.82855987548828,97.26773071289062,97.26773071289062
2022-05-19,93.68128967285156,94.82855987548828,94.82855987548828
2022-05-20,92.81361389160156,93.68128967285156,93.68128967285156
2022-05-23,94.58755493164062,92.81361389160156,92.81361389160156
2022-05-24,95.29132080078125,94.58755493164062,94.58755493164062
2022-05-25,96.1011734008789,95.29132080078125,95.29132080078125
2022-05-26,97.66300201416016,96.1011734008789,96.1011734008789
2022-05-27,99.70689392089844,97.66300201416016,97.66300201416016
2022-05-31,98.51142120361328,99.70689392089844,99.70689392089844
2022-06-01,98.3957290649414,98.51142120361328,98.51142120361328
2022-06-02,100.34319305419922,98.3957290649414,98.3957290649414
2022-06-03,100.28534698486328,100.34319305419922,100.34319305419922
2022-06-06,100.6999282836914,100.28534698486328,100.28534698486328
2022-06-07,103.08123016357422,100.6999282836914,100.6999282836914
2022-06-08,101.1626968383789,103.08123016357422,103.08123016357422
2022-06-09,99.02445220947266,101.1626968383789,101.1626968383789
2022-06-10,96.88813018798828,99.02445220947266,99.02445220947266
2022-06-13,93.2631607055664,96.88813018798828,96.88813018798828
2022-06-14,92.42216491699219,93.2631607055664,93.2631607055664
2022-06-15,93.70781707763672,92.42216491699219,92.42216491699219
2022-06-16,90.53717803955078,93.70781707763672,93.70781707763672
2022-06-17,90.8561782836914,90.53717803955078,90.53717803955078
2022-06-21,93.34046936035156,90.8561782836914,90.8561782836914
2022-06-22,92.94416046142578,93.34046936035156,93.34046936035156
2022-06-23,92.20948028564453,92.94416046142578,92.94416046142578
2022-06-24,95.14813995361328,92.20948028564453,92.20948028564453
2022-06-27,95.3318099975586,95.14813995361328,95.14813995361328
2022-06-28,94.70347595214844,95.3318099975586,95.3318099975586
2022-06-29,94.1524887084961,94.70347595214844,94.70347595214844
2022-06-30,95.86345672607422,94.1524887084961,94.1524887084961
2022-07-01,96.90746307373047,95.86345672607422,95.86345672607422
2022-07-05,93.91082000732422,96.90746307373047,96.90746307373047
2022-07-06,95.11914825439453,93.91082000732422,93.91082000732422
2022-07-07,95.93114471435547,95.11914825439453,95.11914825439453
2022-07-08,96.00846862792969,95.93114471435547,95.93114471435547
2022-07-11,95.21581268310547,96.00846862792969,96.00846862792969
2022-07-12,95.36079406738281,95.21581268310547,95.21581268310547
2022-07-13,93.91082000732422,95.36079406738281,95.36079406738281
2022-07-14,92.89582061767578,93.91082000732422,93.91082000732422
2022-07-15,93.70781707763672,92.89582061767578,92.89582061767578
2022-07-18,92.55750274658203,93.70781707763672,93.70781707763672
2022-07-19,95.89246368408203,92.55750274658203,92.55750274658203
2022-07-20,97.13945770263672,95.89246368408203,95.89246368408203
2022-07-21,97.40045928955078,97.13945770263672,97.13945770263672
2022-07-22,96.65613555908203,97.40045928955078,97.40045928955078
2022-07-25,97.03311157226562,96.65613555908203,96.65613555908203
2022-07-26,95.60248565673828,97.03311157226562,97.03311157226562
2022-07-27,96.2984619140625,95.60248565673828,95.60248565673828
2022-07-28,98.35745239257812,96.2984619140625,96.2984619140625
2022-07-29,100.339111328125,98.35745239257812,98.35745239257812
2022-08-01,101.09308624267578,100.339111328125,100.339111328125
2022-08-02,101.17042541503906,101.09308624267578,101.09308624267578
2022-08-03,101.624755859375,101.17042541503906,101.17042541503906
2022-08-04,100.9190902709961,101.624755859375,101.624755859375
2022-08-05,100.75474548339844,100.9190902709961,100.9190902709961
2022-08-08,100.30044555664062,100.75474548339844,100.75474548339844
2022-08-09,100.45509338378906,100.30044555664062,100.30044555664062
2022-08-10,102.35940551757812,100.45509338378906,100.45509338378906
2022-08-11,102.14674377441406,102.35940551757812,102.35940551757812
2022-08-12,104.08973693847656,102.14674377441406,102.14674377441406
2022-08-15,104.92105865478516,104.08973693847656,104.08973693847656
2022-08-16,105.04672241210938,104.92105865478516,104.92105865478516
2022-08-17,104.39905548095703,105.04672241210938,105.04672241210938
2022-08-18,104.62139129638672,104.39905548095703,104.39905548095703
2022-08-19,103.21006774902344,104.62139129638672,104.62139129638672
2022-08-22,100.9674072265625,103.21006774902344,103.21006774902344
2022-08-23,101.18975067138672,100.9674072265625,100.9674072265625
2022-08-24,102.10807037353516,101.18975067138672,101.18975067138672
2022-08-25,104.26371765136719,102.10807037353516,102.10807037353516
2022-08-26,101.40243530273438,104.26371765136719,104.26371765136719
2022-08-29,100.73542785644531,101.40243530273438,101.40243530273438
2022-08-30,99.33377838134766,100.73542785644531,100.73542785644531
2022-08-31,98.31876373291016,99.33377838134766,99.33377838134766
2022-09-01,97.19746398925781,98.31876373291016,98.31876373291016
2022-09-02,96.79145050048828,97.19746398925781,97.19746398925781
2022-09-06,96.69479370117188,96.79145050048828,96.79145050048828
2022-09-07,98.30912017822266,96.69479370117188,96.69479370117188
2022-09-08,98.4541244506836,98.30912017822266,98.30912017822266
2022-09-09,99.6817626953125,98.4541244506836,98.4541244506836
2022-09-12,99.85576629638672,99.6817626953125,99.6817626953125
2022-09-13,95.67980194091797,99.85576629638672,99.85576629638672
2022-09-14,97.18778991699219,95.67980194091797,95.67980194091797
2022-09-15,96.35645294189453,97.18778991699219,97.18778991699219
2022-09-16,95.25447845458984,96.35645294189453,96.35645294189453
2022-09-19,95.92146301269531,95.25447845458984,95.25447845458984
2022-09-20,95.7957992553711,95.92146301269531,95.92146301269531
2022-09-21,94.8484878540039,95.7957992553711,95.7957992553711
2022-09-22,93.80448150634766,94.8484878540039,94.8484878540039
2022-09-23,91.37818145751953,93.80448150634766,93.80448150634766
2022-09-26,89.98248291015625,91.37818145751953,91.37818145751953
2022-09-27,89.5166015625,89.98248291015625,89.98248291015625
2022-09-28,91.28306579589844,89.5166015625,89.5166015625
2022-09-29,89.20602416992188,91.28306579589844,91.28306579589844
2022-09-30,88.5072021484375,89.20602416992188,89.20602416992188
2022-10-03,91.06951904296875,88.5072021484375,88.5072021484375
2022-10-04,94.08802795410156,91.06951904296875,91.06951904296875
2022-10-05,93.40861511230469,94.08802795410156,94.08802795410156
2022-10-06,92.79716491699219,93.40861511230469,93.40861511230469
2022-10-07,92.408935546875,92.79716491699219,92.79716491699219
2022-10-10,93.21451568603516,92.408935546875,92.408935546875
2022-10-11,93.18538665771484,93.21451568603516,93.21451568603516
2022-10-12,91.09864807128906,93.18538665771484,93.18538665771484
2022-10-13,92.88451385498047,91.09864807128906,91.09864807128906
2022-10-14,90.33190155029297,92.88451385498047,92.88451385498047
2022-10-17,92.70980834960938,90.33190155029297,90.33190155029297
2022-10-18,96.41741943359375,92.70980834960938,92.70980834960938
2022-10-19,96.89301300048828,96.41741943359375,96.41741943359375
2022-10-20,96.7085952758789,96.89301300048828,96.89301300048828
2022-10-21,98.95063018798828,96.7085952758789,96.7085952758789
2022-10-24,100.0182876586914,98.95063018798828,98.95063018798828
2022-10-25,100.44532775878906,100.0182876586914,100.0182876586914
2022-10-26,100.02798461914062,100.44532775878906,100.44532775878906
2022-10-27,101.71680450439453,100.02798461914062,100.02798461914062
2022-10-28,104.41500091552734,101.71680450439453,101.71680450439453
2022-10-31,104.0558853149414,104.41500091552734,104.41500091552734
2022-11-01,104.18207550048828,104.0558853149414,104.0558853149414
2022-11-02,102.67766571044922,104.18207550048828,104.18207550048828
2022-11-03,103.40560150146484,102.67766571044922,102.67766571044922
2022-11-04,104.0170669555664,103.40560150146484,103.40560150146484
2022-11-07,105.47294616699219,104.0170669555664,104.0170669555664
2022-11-08,106.33674621582031,105.47294616699219,105.47294616699219
2022-11-09,105.60880279541016,106.33674621582031,106.33674621582031
2022-11-10,109.23877716064453,105.60880279541016,105.60880279541016
2022-11-11,105.53116607666016,109.23877716064453,109.23877716064453
2022-11-14,104.25,105.53116607666016,105.53116607666016
2022-11-15,105.95822143554688,104.25,104.25
2022-11-16,105.21087646484375,105.95822143554688,105.95822143554688
2022-11-17,105.80293273925781,105.21087646484375,105.21087646484375
2022-11-18,106.59882354736328,105.80293273925781,105.80293273925781
2022-11-21,107.13262176513672,106.59882354736328,106.59882354736328
2022-11-22,107.54027557373047,107.13262176513672,107.13262176513672
2022-11-23,107.7537841796875,107.54027557373047,107.54027557373047
2022-11-25,108.34585571289062,107.7537841796875,107.7537841796875
2022-11-28,106.56969451904297,108.34585571289062,108.34585571289062
2022-11-29,106.76380920410156,106.56969451904297,106.56969451904297
2022-11-30,108.6273193359375,106.76380920410156,106.76380920410156
2022-12-01,108.71467590332031,108.6273193359375,108.6273193359375
2022-12-02,110.75289154052734,108.71467590332031,108.71467590332031
2022-12-05,109.61731719970703,110.75289154052734,110.75289154052734
2022-12-06,107.59850311279297,109.61731719970703,109.61731719970703
2022-12-07,107.21997833251953,107.59850311279297,107.59850311279297
2022-12-08,107.77320098876953,107.21997833251953,107.21997833251953
2022-12-09,106.97732543945312,107.77320098876953,107.77320098876953
2022-12-12,108.40409851074219,106.97732543945312,106.97732543945312
2022-12-13,108.31653594970703,108.40409851074219,108.40409851074219
2022-12-14,108.59862518310547,108.31653594970703,108.31653594970703
2022-12-15,106.51709747314453,108.59862518310547,108.59862518310547
2022-12-16,106.9742660522461,106.51709747314453,106.51709747314453
2022-12-19,106.34202575683594,106.9742660522461,106.9742660522461
2022-12-20,107.21742248535156,106.34202575683594,106.34202575683594
2022-12-21,109.00714111328125,107.21742248535156,107.21742248535156
2022-12-22,107.071533203125,109.00714111328125,109.00714111328125
2022-12-23,107.83021545410156,107.071533203125,107.071533203125
2022-12-27,108.1609115600586,107.83021545410156,107.83021545410156
2022-12-28,107.36331939697266,108.1609115600586,108.1609115600586
2022-12-29,108.47217559814453,107.36331939697266,107.36331939697266
2022-12-30,108.8028793334961,108.47217559814453,108.47217559814453
2023-01-03,108.42355346679688,108.8028793334961,108.8028793334961
2023-01-04,109.04605102539062,108.42355346679688,108.42355346679688
2023-01-05,108.90013885498047,109.04605102539062,109.04605102539062
2023-01-06,110.58287811279297,108.90013885498047,108.90013885498047
2023-01-09,108.47217559814453,110.58287811279297,110.58287811279297
2023-01-10,109.09468078613281,108.47217559814453,108.47217559814453
2023-01-11,109.74636840820312,109.09468078613281,109.09468078613281
2023-01-12,110.61204528808594,109.74636840820312,109.74636840820312
2023-01-13,109.27948760986328,110.61204528808594,110.61204528808594
2023-01-17,108.73479461669922,109.27948760986328,109.27948760986328
2023-01-18,106.85752868652344,108.73479461669922,108.73479461669922
2023-01-19,105.46661376953125,106.85752868652344,106.85752868652344
2023-01-20,106.3614730834961,105.46661376953125,105.46661376953125
2023-01-23,107.50923156738281,106.3614730834961,106.3614730834961
2023-01-24,109.14330291748047,107.50923156738281,107.50923156738281
2023-01-25,109.60047912597656,109.14330291748047,109.14330291748047
2023-01-26,110.53424835205078,109.60047912597656,109.60047912597656
2023-01-27,110.60232543945312,110.53424835205078,110.53424835205078
2023-01-30,110.0965347290039,110.60232543945312,110.60232543945312
2023-01-31,111.53609466552734,110.0965347290039,110.0965347290039
2023-02-01,111.63334655761719,111.53609466552734,111.53609466552734
2023-02-02,111.0108413696289,111.63334655761719,111.63334655761719
2023-02-03,110.40779113769531,111.0108413696289,111.0108413696289
2023-02-06,111.15673828125,110.40779113769531,110.40779113769531
2023-02-07,112.1391372680664,111.15673828125,111.15673828125
2023-02-08,111.66252136230469,112.1391372680664,112.1391372680664
2023-02-09,111.02056884765625,111.66252136230469,111.66252136230469
2023-02-10,112.42120361328125,111.02056884765625,111.02056884765625
2023-02-13,113.16043090820312,112.42120361328125,112.42120361328125
2023-02-14,113.99693298339844,113.16043090820312,113.16043090820312
2023-02-15,114.36656188964844,113.99693298339844,113.99693298339844
2023-02-16,113.15071868896484,114.36656188964844,114.36656188964844
2023-02-17,113.62733459472656,113.15071868896484,113.15071868896484
2023-02-21,112.51847839355469,113.62733459472656,113.62733459472656
2023-02-22,112.82975006103516,112.51847839355469,112.51847839355469
2023-02-23,112.97563934326172,112.82975006103516,112.82975006103516
2023-02-24,112.35313415527344,112.97563934326172,112.97563934326172
2023-02-27,112.34341430664062,112.35313415527344,112.35313415527344
2023-02-28,111.57500457763672,112.34341430664062,112.34341430664062
2023-03-01,112.59629821777344,111.57500457763672,111.57500457763672
2023-03-02,113.88023376464844,112.59629821777344,112.59629821777344
2023-03-03,114.52217102050781,113.88023376464844,113.88023376464844
2023-03-06,114.29847717285156,114.52217102050781,114.52217102050781
2023-03-07,113.38416290283203,114.29847717285156,114.29847717285156
2023-03-08,112.93672943115234,113.38416290283203,113.38416290283203
2023-03-09,111.00110626220703,112.93672943115234,112.93672943115234
2023-03-10,109.94090270996094,111.00110626220703,111.00110626220703
2023-03-13,109.46428680419922,109.94090270996094,109.94090270996094
2023-03-14,110.70930480957031,109.46428680419922,109.46428680419922
2023-03-15,108.23873901367188,110.70930480957031,110.70930480957031
2023-03-16,109.83390808105469,108.23873901367188,108.23873901367188
2023-03-17,107.44113159179688,109.83390808105469,109.83390808105469
2023-03-20,109.0752182006836,107.44113159179688,107.44113159179688
2023-03-21,110.07707977294922,109.0752182006836,109.0752182006836
2023-03-22,107.87885284423828,110.07707977294922,110.07707977294922
2023-03-23,107.78132629394531,107.87885284423828,107.87885284423828
2023-03-24,108.49317932128906,107.78132629394531,107.78132629394531
2023-03-27,109.50731658935547,108.49317932128906,108.49317932128906
2023-03-28,110.04363250732422,109.50731658935547,109.50731658935547
2023-03-29,111.23330688476562,110.04363250732422,110.04363250732422
2023-03-30,111.53558349609375,111.23330688476562,111.23330688476562
2023-03-31,112.21818542480469,111.53558349609375,111.53558349609375
2023-04-03,113.97342681884766,112.21818542480469,112.21818542480469
2023-04-04,112.70574951171875,113.97342681884766,113.97342681884766
2023-04-05,111.7598648071289,112.70574951171875,112.70574951171875
2023-04-06,111.5746078491211,111.7598648071289,111.7598648071289
2023-04-10,112.66674041748047,111.5746078491211,111.5746078491211
2023-04-11,112.77399444580078,112.66674041748047,112.66674041748047
2023-04-12,113.43710327148438,112.77399444580078,112.77399444580078
2023-04-13,113.98316955566406,113.43710327148438,113.43710327148438
2023-04-14,112.0816650390625,113.98316955566406,113.98316955566406
2023-04-17,113.24207305908203,112.0816650390625,112.0816650390625
2023-04-18,114.49024963378906,113.24207305908203,113.24207305908203
2023-04-19,114.05142974853516,114.49024963378906,114.49024963378906
2023-04-20,113.50536346435547,114.05142974853516,114.05142974853516
2023-04-21,112.69598388671875,113.50536346435547,113.50536346435547
2023-04-24,112.74475860595703,112.69598388671875,112.69598388671875
2023-04-25,111.4283218383789,112.74475860595703,112.74475860595703
2023-04-26,109.11725616455078,111.4283218383789,111.4283218383789
2023-04-27,110.72623443603516,109.11725616455078,109.11725616455078
2023-04-28,111.12602996826172,110.72623443603516,110.72623443603516
2023-05-01,111.40882110595703,111.12602996826172,111.12602996826172
2023-05-02,110.85299682617188,111.40882110595703,111.40882110595703
2023-05-03,109.54631042480469,110.85299682617188,110.85299682617188
2023-05-04,107.96661376953125,109.54631042480469,109.54631042480469
2023-05-05,108.9807357788086,107.96661376953125,107.96661376953125
2023-05-08,108.37615966796875,108.9807357788086,108.9807357788086
2023-05-09,109.63407135009766,108.37615966796875,108.37615966796875
2023-05-10,108.72720336914062,109.63407135009766,109.63407135009766
2023-05-11,108.36640167236328,108.72720336914062,108.72720336914062
2023-05-12,108.13237762451172,108.36640167236328,108.36640167236328
2023-05-15,109.42931365966797,108.13237762451172,108.13237762451172
2023-05-16,108.36640167236328,109.42931365966797,109.42931365966797
2023-05-17,110.22891998291016,108.36640167236328,108.36640167236328
2023-05-18,110.51168823242188,110.22891998291016,110.22891998291016
2023-05-19,109.7706069946289,110.51168823242188,110.51168823242188
2023-05-22,110.2484130859375,109.7706069946289,109.7706069946289
2023-05-23,108.16163635253906,110.2484130859375,110.2484130859375
2023-05-24,107.06948852539062,108.16163635253906,108.16163635253906
2023-05-25,106.28936767578125,107.06948852539062,107.06948852539062
2023-05-26,106.94271850585938,106.28936767578125,106.28936767578125
2023-05-30,106.73794555664062,106.94271850585938,106.94271850585938
2023-05-31,105.95783233642578,106.73794555664062,106.73794555664062
2023-06-01,107.4205322265625,105.95783233642578,105.95783233642578
2023-06-02,109.87786102294922,107.4205322265625,107.4205322265625
2023-06-05,109.03925323486328,109.87786102294922,109.87786102294922
2023-06-06,110.0241470336914,109.03925323486328,109.03925323486328
2023-06-07,111.90717315673828,110.0241470336914,110.0241470336914
2023-06-08,112.81595611572266,111.90717315673828,111.90717315673828
2023-06-09,112.46415710449219,112.81595611572266,112.81595611572266
2023-06-12,113.20682525634766,112.46415710449219,112.46415710449219
2023-06-13,113.11888122558594,113.20682525634766,113.20682525634766
2023-06-14,111.88763427734375,113.11888122558594,113.11888122558594
2023-06-15,113.0993423461914,111.88763427734375,111.88763427734375
2023-06-16,113.23613739013672,113.0993423461914,113.0993423461914
2023-06-20,112.61074829101562,113.23613739013672,113.23613739013672
2023-06-21,113.64656829833984,112.61074829101562,112.61074829101562
2023-06-22,111.89741516113281,113.64656829833984,113.64656829833984
2023-06-23,111.05702209472656,111.89741516113281,111.89741516113281
2023-06-26,110.88114166259766,111.05702209472656,111.05702209472656
2023-06-27,112.25894165039062,110.88114166259766,110.88114166259766
2023-06-28,112.13191223144531,112.25894165039062,112.25894165039062
2023-06-29,113.70519256591797,112.13191223144531,112.13191223144531
2023-06-30,114.00811004638672,113.70519256591797,113.70519256591797
2023-07-03,114.25241088867188,114.00811004638672,114.00811004638672
2023-07-05,114.0667495727539,114.25241088867188,114.25241088867188
2023-07-06,113.44133758544922,114.0667495727539,114.0667495727539
2023-07-07,113.39248657226562,113.44133758544922,113.44133758544922
2023-07-10,114.08628845214844,113.39248657226562,113.39248657226562
2023-07-11,115.47390747070312,114.08628845214844,114.08628845214844
2023-07-12,114.74099731445312,115.47390747070312,115.47390747070312
2023-07-13,114.87781524658203,114.74099731445312,114.74099731445312
2023-07-14,113.54883575439453,114.87781524658203,114.87781524658203
2023-07-17,114.13513946533203,113.54883575439453,113.54883575439453
2023-07-18,113.62701416015625,114.13513946533203,114.13513946533203
2023-07-19,112.97229766845703,113.62701416015625,113.62701416015625
2023-07-20,114.34037017822266,112.97229766845703,112.97229766845703
2023-07-21,113.72472381591797,114.34037017822266,114.34037017822266
2023-07-24,114.30126953125,113.72472381591797,113.72472381591797
2023-07-25,111.9560317993164,114.30126953125,114.30126953125
2023-07-26,113.63679504394531,111.9560317993164,111.9560317993164
2023-07-27,113.19705963134766,113.63679504394531,113.63679504394531
2023-07-28,114.2621841430664,113.19705963134766,113.19705963134766
2023-07-31,115.03416442871094,114.2621841430664,114.2621841430664
2023-08-01,115.03416442871094,115.03416442871094,115.03416442871094
2023-08-02,112.66938018798828,115.03416442871094,115.03416442871094
2023-08-03,112.42506408691406,112.66938018798828,112.66938018798828
2023-08-04,113.01139831542969,112.42506408691406,112.42506408691406
2023-08-07,114.65306091308594,113.01139831542969,113.01139831542969
2023-08-08,114.15469360351562,114.65306091308594,114.65306091308594
2023-08-09,114.8094253540039,114.15469360351562,114.15469360351562
2023-08-10,114.24264526367188,114.8094253540039,114.8094253540039
2023-08-11,114.55534362792969,114.24264526367188,114.24264526367188
2023-08-14,114.22309875488281,114.55534362792969,114.55534362792969
2023-08-15,112.62052154541016,114.22309875488281,114.22309875488281
2023-08-16,112.18079376220703,112.62052154541016,112.62052154541016
2023-08-17,111.19381713867188,112.18079376220703,112.18079376220703
2023-08-18,112.02442169189453,111.19381713867188,111.19381713867188
2023-08-21,112.08305358886719,112.02442169189453,112.02442169189453
2023-08-22,112.53257751464844,112.08305358886719,112.08305358886719
2023-08-23,112.9039077758789,112.53257751464844,112.53257751464844
2023-08-24,110.85179901123047,112.9039077758789,112.9039077758789
2023-08-25,111.45767211914062,110.85179901123047,110.85179901123047
2023-08-28,112.7964096069336,111.45767211914062,111.45767211914062
2023-08-29,113.07001495361328,112.7964096069336,112.7964096069336
2023-08-30,114.0569839477539,113.07001495361328,113.07001495361328
2023-08-31,113.51953125,114.0569839477539,114.0569839477539
2023-09-01,113.78337097167969,113.51953125,113.51953125
2023-09-05,112.21009063720703,113.78337097167969,113.78337097167969
2023-09-06,110.78340148925781,112.21009063720703,112.21009063720703
2023-09-07,110.73454284667969,110.78340148925781,110.78340148925781
2023-09-08,109.57168579101562,110.73454284667969,110.73454284667969
2023-09-11,107.98865509033203,109.57168579101562,109.57168579101562
2023-09-12,107.4218978881836,107.98865509033203,107.98865509033203
2023-09-13,106.9919204711914,107.4218978881836,107.4218978881836
2023-09-14,107.5977783203125,106.9919204711914,106.9919204711914
2023-09-15,107.31440734863281,107.5977783203125,107.5977783203125
2023-09-18,107.52938079833984,107.31440734863281,107.31440734863281
2023-09-19,106.91375732421875,107.52938079833984,107.52938079833984
2023-09-20,106.50334167480469,106.91375732421875,106.91375732421875
2023-09-21,104.67599487304688,106.50334167480469,106.50334167480469
2023-09-22,103.70858764648438,104.67599487304688,104.67599487304688
2023-09-25,104.13855743408203,103.70858764648438,103.70858764648438
2023-09-26,103.2131576538086,104.13855743408203,104.13855743408203
2023-09-27,104.1826171875,103.2131576538086,103.2131576538086
2023-09-28,103.66361999511719,104.1826171875,104.1826171875
2023-09-29,103.77134704589844,103.66361999511719,103.66361999511719
2023-10-02,102.60602569580078,103.77134704589844,103.77134704589844
2023-10-03,101.85200500488281,102.60602569580078,102.60602569580078
2023-10-04,101.41133880615234,101.85200500488281,101.85200500488281
2023-10-05,101.0196304321289,101.41133880615234,101.41133880615234
2023-10-06,101.93033599853516,101.0196304321289,101.0196304321289
2023-10-09,106.46427917480469,101.93033599853516,101.93033599853516
2023-10-10,107.22809600830078,106.46427917480469,106.46427917480469
2023-10-11,107.87440490722656,107.22809600830078,107.22809600830078
2023-10-12,106.55241394042969,107.87440490722656,107.87440490722656
2023-10-13,106.40553283691406,106.55241394042969,106.55241394042969
2023-10-16,107.06163024902344,106.40553283691406,106.40553283691406
2023-10-17,107.38478088378906,107.06163024902344,107.06163024902344
2023-10-18,107.04203033447266,107.38478088378906,107.38478088378906
2023-10-19,106.00402069091797,107.04203033447266,107.04203033447266
2023-10-20,104.6624526977539,106.00402069091797,106.00402069091797
2023-10-23,104.59391784667969,104.6624526977539,104.6624526977539
2023-10-24,105.690673828125,104.59391784667969,104.59391784667969
2023-10-25,105.49482727050781,105.690673828125,105.690673828125
2023-10-26,105.80819702148438,105.49482727050781,105.49482727050781
2023-10-27,105.02478790283203,105.80819702148438,105.80819702148438
2023-10-30,105.48503112792969,105.02478790283203,105.02478790283203
2023-10-31,107.58062744140625,105.48503112792969,105.48503112792969
2023-11-01,108.27588653564453,107.58062744140625,107.58062744140625
2023-11-02,110.48899841308594,108.27588653564453,108.27588653564453
2023-11-03,111.06675720214844,110.48899841308594,110.48899841308594
2023-11-06,110.77299499511719,111.06675720214844,111.06675720214844
2023-11-07,110.57713317871094,110.77299499511719,110.77299499511719
2023-11-08,110.42046356201172,110.57713317871094,110.57713317871094
2023-11-09,110.43023681640625,110.42046356201172,110.42046356201172
2023-11-10,111.59557342529297,110.43023681640625,110.43023681640625
2023-11-13,112.89795684814453,111.59557342529297,111.59557342529297
2023-11-14,113.7695083618164,112.89795684814453,112.89795684814453
2023-11-15,113.75969696044922,113.7695083618164,113.7695083618164
2023-11-16,113.27008819580078,113.75969696044922,113.75969696044922
2023-11-17,113.34841918945312,113.27008819580078,113.27008819580078
2023-11-20,114.59207153320312,113.34841918945312,113.34841918945312
2023-11-21,114.72917175292969,114.59207153320312,114.59207153320312
2023-11-22,115.51256561279297,114.72917175292969,114.72917175292969
2023-11-24,116.03157043457031,115.51256561279297,115.51256561279297
2023-11-27,115.4146499633789,116.03157043457031,116.03157043457031
2023-11-28,115.47340393066406,115.4146499633789,115.4146499633789
2023-11-29,115.35588836669922,115.47340393066406,115.47340393066406
2023-11-30,117.3731460571289,115.35588836669922,115.35588836669922
2023-12-01,118.76370239257812,117.3731460571289,117.3731460571289
2023-12-04,119.70376586914062,118.76370239257812,118.76370239257812
2023-12-05,118.66576385498047,119.70376586914062,119.70376586914062
2023-12-06,119.05745697021484,118.66576385498047,118.66576385498047
2023-12-07,118.83223724365234,119.05745697021484,119.05745697021484
2023-12-08,119.7429428100586,118.83223724365234,118.83223724365234
2023-12-11,120.90824890136719,119.7429428100586,119.7429428100586
2023-12-12,121.21180725097656,120.90824890136719,120.90824890136719
2023-12-13,122.98426055908203,121.21180725097656,121.21180725097656
2023-12-14,122.25961303710938,122.98426055908203,122.98426055908203
2023-12-15,122.31837463378906,122.25961303710938,122.25961303710938
2023-12-18,122.54360961914062,122.31837463378906,122.31837463378906
2023-12-19,123.83621978759766,122.54360961914062,122.54360961914062
2023-12-20,121.85428619384766,123.83621978759766,123.83621978759766
2023-12-21,123.0235824584961,121.85428619384766,121.85428619384766
2023-12-22,123.73106384277344,123.0235824584961,123.0235824584961
2023-12-26,124.39925384521484,123.73106384277344,123.73106384277344
2023-12-27,124.47786712646484,124.39925384521484,124.39925384521484
2023-12-28,124.40908813476562,124.47786712646484,124.47786712646484
2023-12-29,124.39925384521484,124.40908813476562,124.40908813476562
2024-01-02,123.2594223022461,124.39925384521484,124.39925384521484
2024-01-03,121.57913208007812,123.2594223022461,123.2594223022461
2024-01-04,121.5693130493164,121.57913208007812,121.57913208007812
2024-01-05,121.68722534179688,121.5693130493164,121.5693130493164
2024-01-08,120.3017349243164,121.68722534179688,121.68722534179688
2024-01-09,119.35842895507812,120.3017349243164,120.3017349243164
2024-01-10,120.13468933105469,119.35842895507812,119.35842895507812
2024-01-11,119.35842895507812,120.13468933105469,120.13468933105469
2024-01-12,120.21329498291016,119.35842895507812,119.35842895507812
2024-01-16,117.22615051269531,120.21329498291016,120.21329498291016
2024-01-17,117.24578857421875,117.22615051269531,117.22615051269531
2024-01-18,119.10295104980469,117.24578857421875,117.24578857421875
2024-01-19,119.59425354003906,119.10295104980469,119.10295104980469
2024-01-22,120.04625701904297,119.59425354003906,119.59425354003906
2024-01-23,120.3017349243164,120.04625701904297,120.04625701904297
2024-01-24,120.63582611083984,120.3017349243164,120.3017349243164
2024-01-25,119.55494689941406,120.63582611083984,120.63582611083984
2024-01-26,119.91851806640625,119.55494689941406,119.55494689941406
2024-01-29,120.13468933105469,119.91851806640625,119.91851806640625
2024-01-30,119.9676513671875,120.13468933105469,120.13468933105469
2024-01-31,120.51791381835938,119.9676513671875,119.9676513671875
2024-02-01,121.5496597290039,120.51791381835938,120.51791381835938
2024-02-02,121.48087310791016,121.5496597290039,121.5496597290039
2024-02-05,121.03870391845703,121.48087310791016,121.48087310791016
2024-02-06,121.9525375366211,121.03870391845703,121.03870391845703
2024-02-07,122.85653686523438,121.9525375366211,121.9525375366211
2024-02-08,122.28662872314453,122.85653686523438,122.85653686523438
2024-02-09,122.49297332763672,122.28662872314453,122.28662872314453
2024-02-12,122.71897888183594,122.49297332763672,122.49297332763672
2024-02-13,121.94270324707031,122.71897888183594,122.71897888183594
2024-02-14,123.1415023803711,121.94270324707031,121.94270324707031
2024-02-15,124.0455093383789,123.1415023803711,123.1415023803711
2024-02-16,123.45594787597656,124.0455093383789,124.0455093383789
2024-02-20,123.24958038330078,123.45594787597656,123.45594787597656
2024-02-21,123.33802032470703,123.24958038330078,123.24958038330078
2024-02-22,123.79002380371094,123.33802032470703,123.33802032470703
2024-02-23,124.22237396240234,123.79002380371094,123.79002380371094
2024-02-26,124.03567504882812,124.22237396240234,124.22237396240234
2024-02-27,124.1830825805664,124.03567504882812,124.03567504882812
2024-02-28,125.90265655517578,124.1830825805664,124.1830825805664
2024-02-29,125.65699005126953,125.90265655517578,125.90265655517578
2024-03-01,125.66683197021484,125.65699005126953,125.65699005126953
2024-03-04,126.63961791992188,125.66683197021484,125.66683197021484
2024-03-05,126.51187896728516,126.63961791992188,126.63961791992188
2024-03-06,127.27831268310547,126.51187896728516,126.51187896728516
2024-03-07,127.61238098144531,127.27831268310547,127.27831268310547
2024-03-08,126.93439483642578,127.61238098144531,127.61238098144531
2024-03-11,125.70613098144531,126.93439483642578,126.93439483642578
2024-03-12,124.74315643310547,125.70613098144531,125.70613098144531
2024-03-13,124.74315643310547,124.74315643310547,124.74315643310547
2024-03-14,124.56629180908203,124.74315643310547,124.74315643310547
2024-03-15,124.99864959716797,124.56629180908203,124.56629180908203
2024-03-18,124.87089538574219,124.99864959716797,124.99864959716797
2024-03-19,126.01075744628906,124.87089538574219,124.87089538574219
2024-03-20,127.42568969726562,126.01075744628906,126.01075744628906
2024-03-21,127.5989990234375,127.42568969726562,127.42568969726562
2024-03-22,128.10116577148438,127.5989990234375,127.5989990234375
2024-03-25,128.21929931640625,128.10116577148438,128.10116577148438
2024-03-26,127.98299407958984,128.21929931640625,128.21929931640625
2024-03-27,129.8242645263672,127.98299407958984,127.98299407958984
2024-03-28,129.90304565429688,129.8242645263672,129.8242645263672
2024-04-01,128.8790283203125,129.90304565429688,129.90304565429688
2024-04-02,128.2291717529297,128.8790283203125,128.8790283203125
2024-04-03,127.66793060302734,128.2291717529297,128.2291717529297
2024-04-04,128.17007446289062,127.66793060302734,127.66793060302734
2024-04-05,129.33193969726562,128.17007446289062,128.17007446289062
2024-04-08,129.05625915527344,129.33193969726562,129.33193969726562
2024-04-09,127.68760681152344,129.05625915527344,129.05625915527344
2024-04-10,127.23467254638672,127.68760681152344,127.68760681152344
2024-04-11,127.17559814453125,127.23467254638672,127.23467254638672
2024-04-12,125.75772857666016,127.17559814453125,127.17559814453125
2024-04-15,125.09803771972656,125.75772857666016,125.75772857666016
2024-04-16,125.69866180419922,125.09803771972656,125.09803771972656
2024-04-17,125.55094909667969,125.69866180419922,125.69866180419922
2024-04-18,125.50172424316406,125.55094909667969,125.55094909667969
2024-04-19,126.03343200683594,125.50172424316406,125.50172424316406
2024-04-22,126.52574920654297,126.03343200683594,126.03343200683594
2024-04-23,127.38237762451172,126.52574920654297,126.52574920654297
2024-04-24,126.53558349609375,127.38237762451172,127.38237762451172
2024-04-25,127.02791595458984,126.53558349609375,126.53558349609375
2024-04-26,127.5399169921875,127.02791595458984,127.02791595458984
2024-04-29,129.11534118652344,127.5399169921875,127.5399169921875
2024-04-30,127.85501098632812,129.11534118652344,129.11534118652344
2024-05-01,128.1110076904297,127.85501098632812,127.85501098632812
2024-05-02,130.0310516357422,128.1110076904297,128.1110076904297
2024-05-03,130.53321838378906,130.0310516357422,130.0310516357422
2024-05-06,131.55722045898438,130.53321838378906,130.53321838378906
2024-05-07,131.38987731933594,131.55722045898438,131.55722045898438
2024-05-08,132.0298614501953,131.38987731933594,131.38987731933594
2024-05-09,133.28033447265625,132.0298614501953,132.0298614501953
2024-05-10,133.0243682861328,133.28033447265625,133.28033447265625
2024-05-13,132.24647521972656,133.0243682861328,133.0243682861328
2024-05-14,132.59112548828125,132.24647521972656,132.24647521972656
2024-05-15,132.2957000732422,132.59112548828125,132.59112548828125
2024-05-16,132.86680603027344,132.2957000732422,132.2957000732422
2024-05-17,133.41819763183594,132.86680603027344,132.86680603027344
2024-05-20,134.28468322753906,133.41819763183594,133.41819763183594
2024-05-21,134.3929901123047,134.28468322753906,134.28468322753906
2024-05-22,134.550537109375,134.3929901123047,134.3929901123047
2024-05-23,132.09878540039062,134.550537109375,134.550537109375
2024-05-24,133.46742248535156,132.09878540039062,132.09878540039062
2024-05-28,132.21693420410156,133.46742248535156,133.46742248535156
2024-05-29,130.6021270751953,132.21693420410156,132.21693420410156
2024-05-30,131.7344512939453,130.6021270751953,130.6021270751953
2024-05-31,133.9302215576172,131.7344512939453,131.7344512939453
2024-06-03,134.47177124023438,133.9302215576172,133.9302215576172
2024-06-04,134.66868591308594,134.47177124023438,134.47177124023438
2024-06-05,135.2791748046875,134.66868591308594,134.66868591308594
2024-06-06,134.73760986328125,135.2791748046875,135.2791748046875
2024-06-07,134.37327575683594,134.73760986328125,134.73760986328125
2024-06-10,134.07789611816406,134.37327575683594,134.37327575683594
2024-06-11,132.9125213623047,134.07789611816406,134.07789611816406
2024-06-12,133.07040405273438,132.9125213623047,132.9125213623047
2024-06-13,131.9257049560547,133.07040405273438,133.07040405273438
2024-06-14,130.5441436767578,131.9257049560547,131.9257049560547
2024-06-17,131.6592559814453,130.5441436767578,130.5441436767578
2024-06-18,131.97503662109375,131.6592559814453,131.6592559814453
2024-06-20,132.310546875,131.97503662109375,131.97503662109375
2024-06-21,132.60658264160156,132.310546875,132.310546875
2024-06-24,131.51124572753906,132.60658264160156,132.60658264160156
2024-06-25,130.5441436767578,131.51124572753906,131.51124572753906
2024-06-26,130.79086303710938,130.5441436767578,130.5441436767578
2024-06-27,131.01783752441406,130.79086303710938,130.79086303710938
2024-06-28,130.3073272705078,131.01783752441406,131.01783752441406
2024-07-01,129.84353637695312,130.3073272705078,130.3073272705078
2024-07-02,130.78099060058594,129.84353637695312,129.84353637695312
2024-07-03,131.39280700683594,130.78099060058594,130.78099060058594
2024-07-05,130.65269470214844,131.39280700683594,131.39280700683594
2024-07-08,131.47177124023438,130.65269470214844,130.65269470214844
2024-07-09,131.05728149414062,131.47177124023438,131.47177124023438
2024-07-10,131.7974090576172,131.05728149414062,131.05728149414062
2024-07-11,131.86647033691406,131.7974090576172,131.7974090576172
2024-07-12,131.3533172607422,131.86647033691406,131.86647033691406
2024-07-15,132.11317443847656,131.3533172607422,131.3533172607422
2024-07-16,135.5275421142578,132.11317443847656,132.11317443847656
2024-07-17,133.8499298095703,135.5275421142578,135.5275421142578
2024-07-18,132.97169494628906,133.8499298095703,133.8499298095703
2024-07-19,132.13290405273438,132.97169494628906,132.97169494628906
2024-07-22,133.889404296875,132.13290405273438,132.13290405273438
2024-07-23,137.5406036376953,133.889404296875,133.889404296875
2024-07-24,134.14598083496094,137.5406036376953,137.5406036376953
2024-07-25,137.67874145507812,134.14598083496094,134.14598083496094
2024-07-26,139.04052734375,137.67874145507812,137.67874145507812
2024-07-29,138.8826446533203,139.04052734375,139.04052734375
2024-07-30,139.7609100341797,138.8826446533203,138.8826446533203
2024-07-31,141.2904510498047,139.7609100341797,139.7609100341797
2024-08-01,139.61288452148438,141.2904510498047,141.2904510498047
2024-08-02,135.37950134277344,139.61288452148438,139.61288452148438
2024-08-05,133.2677459716797,135.37950134277344,135.37950134277344
2024-08-06,134.02760314941406,133.2677459716797,133.2677459716797
2024-08-07,134.70848083496094,134.02760314941406,134.02760314941406
2024-08-08,137.6885986328125,134.70848083496094,134.70848083496094
2024-08-09,138.36952209472656,137.6885986328125,137.6885986328125
2024-08-12,138.3004150390625,138.36952209472656,138.36952209472656
2024-08-13,139.1293487548828,138.3004150390625,138.3004150390625
2024-08-14,139.5142059326172,139.1293487548828,139.1293487548828
2024-08-15,141.45819091796875,139.5142059326172,139.5142059326172
2024-08-16,141.9812469482422,141.45819091796875,141.45819091796875
2024-08-19,142.5831756591797,141.9812469482422,141.9812469482422
2024-08-20,141.4483184814453,142.5831756591797,142.5831756591797
2024-08-21,141.9910888671875,141.4483184814453,141.4483184814453
2024-08-22,142.05026245117188,141.9910888671875,141.9910888671875
2024-08-23,142.89892578125,142.05026245117188,142.05026245117188
2024-08-26,142.49435424804688,142.89892578125,142.89892578125
2024-08-27,142.83970642089844,142.49435424804688,142.49435424804688
2024-08-28,143.38247680664062,142.83970642089844,142.83970642089844
2024-08-29,144.82321166992188,143.38247680664062,143.38247680664062
2024-08-30,145.76068115234375,144.82321166992188,144.82321166992188
2024-09-03,140.77731323242188,145.76068115234375,145.76068115234375
2024-09-04,141.71478271484375,140.77731323242188,140.77731323242188
2024-09-05,140.3727264404297,141.71478271484375,141.71478271484375
2024-09-06,138.122802734375,140.3727264404297,140.3727264404297
2024-09-09,141.04373168945312,138.122802734375,138.122802734375
2024-09-10,140.5108642578125,141.04373168945312,141.04373168945312
2024-09-11,140.41217041015625,140.5108642578125,140.5108642578125
2024-09-12,142.2673797607422,140.41217041015625,140.41217041015625
2024-09-13,143.4712677001953,142.2673797607422,142.2673797607422
2024-09-16,144.14230346679688,143.4712677001953,143.4712677001953
2024-09-17,143.7969512939453,144.14230346679688,144.14230346679688
2024-09-18,143.88572692871094,143.7969512939453,143.7969512939453
2024-09-19,145.3363494873047,143.88572692871094,143.88572692871094
2024-09-20,145.93829345703125,145.3363494873047,145.3363494873047
2024-09-23,147.6454620361328,145.93829345703125,145.93829345703125
2024-09-24,147.24087524414062,147.6454620361328,147.6454620361328
2024-09-25,147.00071716308594,147.24087524414062,147.24087524414062
2024-09-26,146.07171630859375,147.00071716308594,147.00071716308594
2024-09-27,146.77340698242188,146.07171630859375,146.07171630859375
2024-09-30,147.89016723632812,146.77340698242188,146.77340698242188
2024-10-01,149.58021545410156,147.89016723632812,147.89016723632812
2024-10-02,149.590087890625,149.58021545410156,149.58021545410156
2024-10-03,148.61163330078125,149.590087890625,149.590087890625
2024-10-04,150.02491760253906,148.61163330078125,148.61163330078125
2024-10-07,149.56044006347656,150.02491760253906,150.02491760253906
2024-10-08,149.60984802246094,149.56044006347656,149.56044006347656
2024-10-09,150.06443786621094,149.60984802246094,149.60984802246094
2024-10-10,148.6314239501953,150.06443786621094,150.06443786621094
2024-10-11,151.07254028320312,148.6314239501953,148.6314239501953
2024-10-14,151.95211791992188,151.07254028320312,151.07254028320312
2024-10-15,151.17135620117188,151.95211791992188,151.95211791992188
2024-10-16,152.8811492919922,151.17135620117188,151.17135620117188
2024-10-17,153.08865356445312,152.8811492919922,152.8811492919922
2024-10-18,153.04916381835938,153.08865356445312,153.08865356445312
2024-10-21,153.7903594970703,153.04916381835938,153.04916381835938
2024-10-22,148.75990295410156,153.7903594970703,153.7903594970703
2024-10-23,149.21450805664062,148.75990295410156,148.75990295410156
2024-10-24,147.64309692382812,149.21450805664062,149.21450805664062
2024-10-25,147.87042236328125,147.64309692382812,147.64309692382812
2024-10-28,146.96116638183594,147.87042236328125,147.87042236328125
2024-10-29,145.80484008789062,146.96116638183594,146.96116638183594
2024-10-30,145.61708068847656,145.80484008789062,145.80484008789062
2024-10-31,142.74110412597656,145.61708068847656,145.61708068847656
2024-11-01,142.84982299804688,142.74110412597656,142.74110412597656
2024-11-04,143.06724548339844,142.84982299804688,142.84982299804688
2024-11-05,144.7770233154297,143.06724548339844,143.06724548339844
2024-11-06,149.3924102783203,144.7770233154297,144.7770233154297
2024-11-07,148.5029296875,149.3924102783203,149.3924102783203
2024-11-08,153.9979248046875,148.5029296875,148.5029296875
2024-11-11,155.4705047607422,153.9979248046875,153.9979248046875
2024-11-12,153.68167114257812,155.4705047607422,155.4705047607422
2024-11-13,154.24501037597656,153.68167114257812,153.68167114257812
2024-11-14,149.4022979736328,154.24501037597656,154.24501037597656
2024-11-15,148.33493041992188,149.4022979736328,149.4022979736328
2024-11-18,148.55235290527344,148.33493041992188,148.33493041992188
2024-11-19,149.21450805664062,148.55235290527344,148.55235290527344
2024-11-20,149.88658142089844,149.21450805664062,149.21450805664062
2024-11-21,151.1318359375,149.88658142089844,149.88658142089844
2024-11-22,152.7032470703125,151.1318359375,151.1318359375
2024-11-25,151.09230041503906,152.7032470703125,152.7032470703125
2024-11-26,152.8811492919922,151.09230041503906,151.09230041503906
2024-11-27,152.0608367919922,152.8811492919922,152.8811492919922
2024-11-29,153.7508544921875,152.0608367919922,152.0608367919922
2024-12-02,151.57656860351562,153.7508544921875,153.7508544921875
2024-12-03,151.61611938476562,151.57656860351562,151.57656860351562
2024-12-04,153.42471313476562,151.61611938476562,151.61611938476562
2024-12-05,150.99346923828125,153.42471313476562,153.42471313476562
2024-12-06,150.33131408691406,150.99346923828125,150.99346923828125
2024-12-09,147.55416870117188,150.33131408691406,150.33131408691406
2024-12-10,148.02854919433594,147.55416870117188,147.55416870117188
2024-12-11,147.54425048828125,148.02854919433594,148.02854919433594
2024-12-12,145.8147430419922,147.54425048828125,147.54425048828125
2024-12-13,146.63502502441406,145.8147430419922,145.8147430419922
2024-12-16,147.87042236328125,146.63502502441406,146.63502502441406
2024-12-17,146.55906677246094,147.87042236328125,147.87042236328125
2024-12-18,141.77154541015625,146.55906677246094,146.55906677246094
2024-12-19,143.04029846191406,141.77154541015625,141.77154541015625
2024-12-20,145.03262329101562,143.04029846191406,143.04029846191406
2024-12-23,145.22091674804688,145.03262329101562,145.03262329101562
2024-12-24,146.55906677246094,145.22091674804688,145.22091674804688
2024-12-26,147.1438751220703,146.55906677246094,146.55906677246094
2024-12-27,146.32118225097656,147.1438751220703,147.1438751220703
2024-12-30,144.427978515625,146.32118225097656,146.32118225097656
2024-12-31,144.07115173339844,144.427978515625,144.427978515625
2025-01-02,143.58546447753906,144.07115173339844,144.07115173339844
2025-01-03,144.91368103027344,143.58546447753906,143.58546447753906
2025-01-06,143.6945037841797,144.91368103027344,144.91368103027344
2025-01-07,143.56564331054688,143.6945037841797,143.6945037841797
2025-01-08,144.71543884277344,143.56564331054688,143.56564331054688
2025-01-10,143.8035430908203,144.71543884277344,144.71543884277344
2025-01-13,144.84429931640625,143.8035430908203,143.8035430908203
2025-01-14,146.77713012695312,144.84429931640625,144.84429931640625
2025-01-15,147.57998657226562,146.77713012695312,146.77713012695312
2025-01-16,149.0271453857422,147.57998657226562,147.57998657226562
2025-01-17,150.28598022460938,149.0271453857422,149.0271453857422
2025-01-21,155.12303161621094,150.28598022460938,150.28598022460938
2025-01-22,154.21112060546875,155.12303161621094,155.12303161621094
2025-01-23,157.10543823242188,154.21112060546875,154.21112060546875
2025-01-24,155.3411102294922,157.10543823242188,157.10543823242188
2025-01-27,153.6560821533203,155.3411102294922,155.3411102294922
2025-01-28,153.5668487548828,153.6560821533203,153.6560821533203
2025-01-29,152.6053924560547,153.5668487548828,153.5668487548828
2025-01-30,155.83670043945312,152.6053924560547,152.6053924560547
2025-01-31,155.20233154296875,155.83670043945312,155.83670043945312
2025-02-03,155.41046142578125,155.20233154296875,155.20233154296875
2025-02-04,154.45895385742188,155.41046142578125,155.41046142578125
2025-02-05,155.93582153320312,154.45895385742188,154.45895385742188
2025-02-06,155.64837646484375,155.93582153320312,155.93582153320312
2025-02-07,155.07350158691406,155.64837646484375,155.64837646484375
2025-02-10,155.7970428466797,155.07350158691406,155.07350158691406
2025-02-11,156.0944061279297,155.7970428466797,155.7970428466797
2025-02-12,155.03382873535156,156.0944061279297,156.0944061279297
2025-02-13,153.68580627441406,155.03382873535156,155.03382873535156
2025-02-14,152.19900512695312,153.68580627441406,153.68580627441406
2025-02-18,153.3785400390625,152.19900512695312,152.19900512695312
2025-02-19,153.0117950439453,153.3785400390625,153.3785400390625
2025-02-20,151.57455444335938,153.0117950439453,153.0117950439453
2025-02-21,148.03599548339844,151.57455444335938,151.57455444335938
2025-02-24,148.2738494873047,148.03599548339844,148.03599548339844
2025-02-25,149.12628173828125,148.2738494873047,148.2738494873047
2025-02-26,149.81021118164062,149.12628173828125,149.12628173828125
2025-02-27,150.95999145507812,149.81021118164062,149.81021118164062
2025-02-28,153.42807006835938,150.95999145507812,150.95999145507812
2025-03-03,151.70339965820312,153.42807006835938,153.42807006835938
2025-03-04,148.03599548339844,151.70339965820312,151.70339965820312
2025-03-05,151.17807006835938,148.03599548339844,148.03599548339844
2025-03-06,148.11524963378906,151.17807006835938,151.17807006835938
2025-03-07,148.4225311279297,148.11524963378906,148.11524963378906
2025-03-10,146.8167724609375,148.4225311279297,148.4225311279297
2025-03-11,147.02491760253906,146.8167724609375,146.8167724609375
2025-03-12,148.01612854003906,147.02491760253906,147.02491760253906
2025-03-13,147.61964416503906,148.01612854003906,148.01612854003906
2025-03-14,149.90931701660156,147.61964416503906,147.61964416503906
2025-03-17,152.0800323486328,149.90931701660156,149.90931701660156
2025-03-18,151.63624572753906,152.0800323486328,152.0800323486328
2025-03-19,155.2601318359375,151.63624572753906,151.63624572753906
2025-03-20,154.01907348632812,155.2601318359375,155.2601318359375
2025-03-21,153.63185119628906,154.01907348632812,154.01907348632812
2025-03-24,156.98765563964844,153.63185119628906,153.63185119628906
2025-03-25,158.35777282714844,156.98765563964844,156.98765563964844
2025-03-26,156.0047607421875,158.35777282714844,158.35777282714844
2025-03-27,155.2501983642578,156.0047607421875,156.0047607421875
2025-03-28,152.13267517089844,155.2501983642578,155.2501983642578
2025-03-31,152.00360107421875,152.13267517089844,152.13267517089844
2025-04-01,153.10565185546875,152.00360107421875,152.00360107421875
2025-04-02,153.6715545654297,153.10565185546875,153.10565185546875
2025-04-03,146.72171020507812,153.6715545654297,153.6715545654297
2025-04-04,134.34100341796875,146.72171020507812,146.72171020507812
2025-04-07,134.82748413085938,134.34100341796875,134.34100341796875
2025-04-08,136.41603088378906,134.82748413085938,134.82748413085938
2025-04-09,148.75704956054688,136.41603088378906,136.41603088378906
2025-04-10,146.02671813964844,148.75704956054688,148.75704956054688
2025-04-11,148.04217529296875,146.02671813964844,146.02671813964844
2025-04-14,149.78958129882812,148.04217529296875,148.04217529296875
2025-04-15,149.2335968017578,149.78958129882812,149.78958129882812
2025-04-16,148.58824157714844,149.2335968017578,149.2335968017578
2025-04-17,148.47903442382812,148.58824157714844,148.58824157714844
2025-04-21,145.41116333007812,148.47903442382812,148.47903442382812
2025-04-22,145.11331176757812,145.41116333007812,145.41116333007812
2025-04-23,149.16409301757812,145.11331176757812,145.11331176757812
2025-04-24,151.7653350830078,149.16409301757812,149.16409301757812
2025-04-25,153.62191772460938,151.7653350830078,151.7653350830078
2025-04-28,154.6048583984375,153.62191772460938,153.62191772460938
2025-04-29,155.3097686767578,154.6048583984375,154.6048583984375
2025-04-30,155.7863311767578,155.3097686767578,155.3097686767578
2025-05-01,157.41458129882812,155.7863311767578,155.7863311767578
2025-05-02,160.20443725585938,157.41458129882812,157.41458129882812
2025-05-05,160.09523010253906,160.20443725585938,160.20443725585938
2025-05-06,158.9832763671875,160.09523010253906,160.09523010253906
2025-05-07,159.16195678710938,158.9832763671875,158.9832763671875
2025-05-08,162.26954650878906,159.16195678710938,159.16195678710938
2025-05-09,162.1603546142578,162.26954650878906,162.26954650878906
2025-05-12,164.4538116455078,162.1603546142578,162.1603546142578
2025-05-13,165.74449157714844,164.4538116455078,164.4538116455078
2025-05-14,165.92320251464844,165.74449157714844,165.74449157714844
2025-05-15,169.44778442382812,165.92320251464844,165.92320251464844
2025-05-16,170.70867919921875,169.44778442382812,169.44778442382812
2025-05-19,172.0589599609375,170.70867919921875,170.70867919921875
2025-05-20,172.1681671142578,172.0589599609375,172.0589599609375
2025-05-21,169.56692504882812,172.1681671142578,172.1681671142578
2025-05-22,168.9811553955078,169.56692504882812,169.56692504882812
2025-05-23,169.82505798339844,168.9811553955078,168.9811553955078
2025-05-27,174.0247802734375,169.82505798339844,169.82505798339844
2025-05-28,174.2432098388672,174.0247802734375,174.0247802734375
2025-05-29,175.04739379882812,174.2432098388672,174.2432098388672
2025-05-30,175.97073364257812,175.04739379882812,175.04739379882812
2025-06-02,176.9635772705078,175.97073364257812,175.97073364257812
2025-06-03,178.0656280517578,176.9635772705078,176.9635772705078
2025-06-04,178.84996032714844,178.0656280517578,178.0656280517578
2025-06-05,178.9492645263672,178.84996032714844,178.84996032714844
2025-06-06,180.65692138671875,178.9492645263672,178.9492645263672
2025-06-09,181.33206176757812,180.65692138671875,180.65692138671875
2025-06-10,177.8472137451172,181.33206176757812,181.33206176757812
2025-06-11,179.39601135253906,177.8472137451172,177.8472137451172
2025-06-12,178.1847686767578,179.39601135253906,179.39601135253906
2025-06-13,178.92941284179688,178.1847686767578,178.1847686767578
2025-06-16,178.0469207763672,178.92941284179688,178.92941284179688
2025-06-17,178.86181640625,178.0469207763672,178.0469207763672
2025-06-18,177.6692657470703,178.86181640625,178.86181640625
2025-06-20,179.31895446777344,177.6692657470703,177.6692657470703
2025-06-23,181.87298583984375,179.31895446777344,179.31895446777344
2025-06-24,180.62081909179688,181.87298583984375,181.87298583984375
2025-06-25,180.9090118408203,180.62081909179688,180.62081909179688
2025-06-26,183.3537139892578,180.9090118408203,180.9090118408203
2025-06-27,186.38478088378906,183.3537139892578,183.3537139892578
2025-06-30,187.468017578125,186.38478088378906,186.38478088378906
2025-07-01,183.86056518554688,187.468017578125,187.468017578125
2025-07-02,183.58230590820312,183.86056518554688,183.86056518554688
2025-07-03,185.69908142089844,183.58230590820312,183.58230590820312
2025-07-07,186.9015655517578,185.69908142089844,185.69908142089844
2025-07-08,185.59970092773438,186.9015655517578,186.9015655517578
2025-07-09,187.73634338378906,185.59970092773438,185.59970092773438
2025-07-10,187.4779510498047,187.73634338378906,187.73634338378906
2025-07-11,188.60092163085938,187.4779510498047,187.4779510498047
2025-07-14,192.4369354248047,188.60092163085938,188.60092163085938
2025-07-15,192.01956176757812,192.4369354248047,192.4369354248047
2025-07-16,193.2220458984375,192.01956176757812,192.01956176757812
2025-07-17,194.64315795898438,193.2220458984375,193.2220458984375
2025-07-18,194.89161682128906,194.64315795898438,194.64315795898438
2025-07-21,193.44065856933594,194.89161682128906,194.89161682128906
2025-07-22,190.98602294921875,193.44065856933594,193.44065856933594
2025-07-23,195.66676330566406,190.98602294921875,190.98602294921875
2025-07-24,195.6170654296875,195.66676330566406,195.66676330566406
2025-07-25,197.03819274902344,195.6170654296875,195.6170654296875
2025-07-28,196.81954956054688,197.03819274902344,197.03819274902344
2025-07-29,196.00462341308594,196.81954956054688,196.81954956054688
2025-07-30,197.40589904785156,196.00462341308594,196.00462341308594
2025-07-31,195.37855529785156,197.40589904785156,197.40589904785156
2025-08-01,194.56365966796875,195.37855529785156,195.37855529785156
2025-08-04,196.680419921875,194.56365966796875,194.56365966796875
2025-08-05,196.31271362304688,196.680419921875,196.680419921875
2025-08-06,196.18353271484375,196.31271362304688,196.31271362304688
2025-08-07,195.73634338378906,196.18353271484375,196.18353271484375
2025-08-08,195.22947692871094,195.73634338378906,195.73634338378906
2025-08-11,195.04066467285156,195.22947692871094,195.22947692871094
2025-08-12,197.0083770751953,195.04066467285156,195.04066467285156
2025-08-13,195.58724975585938,197.0083770751953,197.0083770751953
2025-08-14,194.77235412597656,195.58724975585938,195.58724975585938
2025-08-15,193.86801147460938,194.77235412597656,194.77235412597656
2025-08-18,194.7127227783203,193.86801147460938,193.86801147460938
2025-08-19,192.03944396972656,194.7127227783203,194.7127227783203
2025-08-20,193.102783203125,192.03944396972656,192.03944396972656
2025-08-21,193.74874877929688,193.102783203125,193.102783203125
2025-08-22,194.5934600830078,193.74874877929688,193.74874877929688
2025-08-25,194.14627075195312,194.5934600830078,194.5934600830078
2025-08-26,198.737548828125,194.14627075195312,194.14627075195312
2025-08-27,198.0021514892578,198.737548828125,198.737548828125
2025-08-28,198.9164276123047,198.0021514892578,198.0021514892578
2025-08-29,197.187255859375,198.9164276123047,198.9164276123047
2025-09-02,197.26675415039062,197.187255859375,197.187255859375
2025-09-03,195.71646118164062,197.26675415039062,197.26675415039062
2025-09-04,197.28663635253906,195.71646118164062,195.71646118164062
2025-09-05,196.8990478515625,197.28663635253906,197.28663635253906
2025-09-08,196.4220428466797,196.8990478515625,196.8990478515625
2025-09-09,195.0108642578125,196.4220428466797,196.4220428466797
2025-09-10,197.6642608642578,195.0108642578125,195.0108642578125
2025-09-11,198.82699584960938,197.6642608642578,197.6642608642578
2025-09-12,198.18104553222656,198.82699584960938,198.82699584960938
2025-09-15,200.56613159179688,198.18104553222656,198.18104553222656
2025-09-16,201.3840789794922,200.56613159179688,200.56613159179688
2025-09-17,200.01751708984375,201.3840789794922,201.3840789794922
2025-09-18,202.46136474609375,200.01751708984375,200.01751708984375
2025-09-19,202.89027404785156,202.46136474609375,202.46136474609375
2025-09-22,203.77804565429688,202.89027404785156,202.89027404785156
2025-09-23,205.64337158203125,203.77804565429688,203.77804565429688
2025-09-24,203.15960693359375,205.64337158203125,205.64337158203125
2025-09-25,202.60101318359375,203.15960693359375,203.15960693359375
2025-09-26,205.1845245361328,202.60101318359375,202.60101318359375
2025-09-29,204.92518615722656,205.1845245361328,205.1845245361328
2025-09-30,208.735595703125,204.92518615722656,204.92518615722656
2025-10-01,208.72561645507812,208.735595703125,208.735595703125
2025-10-02,208.8553009033203,208.72561645507812,208.72561645507812
2025-10-03,209.02487182617188,208.8553009033203,208.8553009033203
2025-10-06,212.01736450195312,209.02487182617188,209.02487182617188
2025-10-07,212.4263458251953,212.01736450195312,212.01736450195312
2025-10-08,214.62081909179688,212.4263458251953,212.4263458251953
2025-10-09,210.7106475830078,214.62081909179688,214.62081909179688
2025-10-10,205.52366638183594,210.7106475830078,210.7106475830078
2025-10-13,208.595947265625,205.52366638183594,205.52366638183594
2025-10-14,210.22186279296875,208.595947265625,208.595947265625
2025-10-15,207.15956115722656,210.22186279296875,210.22186279296875
2025-10-16,205.73313903808594,207.15956115722656,207.15956115722656
2025-10-17,205.4139404296875,205.73313903808594,205.73313903808594
2025-10-20,209.08473205566406,205.4139404296875,205.4139404296875
2025-10-21,212.82533264160156,209.08473205566406,209.08473205566406
2025-10-22,210.0123748779297,212.82533264160156,212.82533264160156
2025-10-23,215.17941284179688,210.0123748779297,210.0123748779297
2025-10-24,216.31655883789062,215.17941284179688,215.17941284179688
2025-10-27,218.3514404296875,216.31655883789062,216.31655883789062
2025-10-28,216.99485778808594,218.3514404296875,218.3514404296875
2025-10-29,216.90509033203125,216.99485778808594,216.99485778808594
2025-10-30,214.77044677734375,216.90509033203125,216.90509033203125
2025-10-31,215.2492218017578,214.77044677734375,214.77044677734375
2025-11-03,214.44126892089844,215.2492218017578,215.2492218017578
2025-11-04,211.22933959960938,214.44126892089844,214.44126892089844
2025-11-05,208.945068359375,211.22933959960938,211.22933959960938
2025-11-06,207.0498504638672,208.945068359375,208.945068359375
2025-11-07,208.51614379882812,207.0498504638672,207.0498504638672
2025-11-10,210.44131469726562,208.51614379882812,208.51614379882812
2025-11-11,209.9824676513672,210.44131469726562,210.44131469726562
2025-11-12,209.11465454101562,209.9824676513672,209.9824676513672
2025-11-13,204.5261688232422,209.11465454101562,209.11465454101562
2025-11-14,205.42393493652344,204.5261688232422,204.5261688232422
2025-11-17,203.2992401123047,205.42393493652344,205.42393493652344
2025-11-18,202.25189208984375,203.2992401123047,203.2992401123047
2025-11-19,202.6209716796875,202.25189208984375,202.25189208984375
2025-11-20,198.2718963623047,202.6209716796875,202.6209716796875
2025-11-21,197.73324584960938,198.2718963623047,198.2718963623047
2025-11-24,200.1870880126953,197.73324584960938,197.73324584960938
2025-11-25,201.8927764892578,200.1870880126953,200.1870880126953
2025-11-26,203.1895294189453,201.8927764892578,201.8927764892578
2025-11-28,204.58602905273438,203.1895294189453,203.1895294189453
2025-12-01,198.74072265625,204.58602905273438,204.58602905273438
2025-12-02,200.80552673339844,198.74072265625,198.74072265625
2025-12-03,201.11474609375,200.80552673339844,200.80552673339844
2025-12-04,204.1571044921875,201.11474609375,201.11474609375
2025-12-05,201.90277099609375,204.1571044921875,204.1571044921875
2025-12-08,203.83792114257812,201.90277099609375,201.90277099609375
2025-12-09,202.1222381591797,203.83792114257812,203.83792114257812
2025-12-10,203.92767333984375,202.1222381591797,202.1222381591797
2025-12-11,207.74807739257812,203.92767333984375,203.92767333984375
2025-12-12,208.88522338867188,207.74807739257812,207.74807739257812
2025-12-15,209.11465454101562,208.88522338867188,208.88522338867188
2025-12-16,207.4288787841797,209.11465454101562,209.11465454101562
2025-12-17,204.28677368164062,207.4288787841797,207.4288787841797
2025-12-18,207.72813415527344,204.28677368164062,204.28677368164062
2025-12-19,213.3739471435547,207.72813415527344,207.72813415527344
2025-12-22,218.81028747558594,213.3739471435547,213.3739471435547
2025-12-23,219.13946533203125,218.81028747558594,218.81028747558594
2025-12-24,219.64817810058594,219.13946533203125,219.13946533203125
2025-12-26,217.52352905273438,219.64817810058594,219.64817810058594
2025-12-29,216.45620727539062,217.52352905273438,217.52352905273438
2025-12-30,215.79786682128906,216.45620727539062,216.45620727539062
2025-12-31,214.15200805664062,215.79786682128906,215.79786682128906
2026-01-02,221.45364379882812,214.15200805664062,214.15200805664062
2026-01-05,225.91244506835938,221.45364379882812,221.45364379882812
2026-01-06,229.6331024169922,225.91244506835938,225.91244506835938
2026-01-07,225.84263610839844,229.6331024169922,229.6331024169922
2026-01-08,226.86004638671875,225.84263610839844,225.84263610839844
2026-01-09,232.3861846923828,226.86004638671875,226.86004638671875
2026-01-12,235.95721435546875,232.3861846923828,232.3861846923828
2026-01-13,236.94473266601562,235.95721435546875,235.95721435546875
2026-01-14,238.5606689453125,236.94473266601562,236.94473266601562
2026-01-15,240.6055450439453,238.5606689453125,238.5606689453125
2026-01-16,243.1591339111328,240.6055450439453,240.6055450439453
2026-01-20,237.30381774902344,243.1591339111328,243.1591339111328
2026-01-21,239.6678924560547,237.30381774902344,237.30381774902344
2026-01-22,235.2290496826172,239.6678924560547,239.6678924560547
2026-01-23,234.48092651367188,235.2290496826172,235.2290496826172
2026-01-26,232.795166015625,234.48092651367188,234.48092651367188
2026-01-27,236.42605590820312,232.795166015625,232.795166015625
2026-01-28,233.10438537597656,236.42605590820312,236.42605590820312
2026-01-29,232.1966552734375,233.10438537597656,233.10438537597656
2026-01-30,231.79766845703125,232.1966552734375,232.1966552734375
2026-02-02,230.5807342529297,231.79766845703125,231.79766845703125
2026-02-03,233.90237426757812,230.5807342529297,230.5807342529297
2026-02-04,227.4286346435547,233.90237426757812,233.90237426757812
2026-02-05,225.6132049560547,227.4286346435547,227.4286346435547
2026-02-06,233.34378051757812,225.6132049560547,225.6132049560547
2026-02-09,234.25149536132812,233.34378051757812,233.34378051757812
2026-02-10,232.62559509277344,234.25149536132812,234.25149536132812
2026-02-11,230.3712615966797,232.62559509277344,232.62559509277344
2026-02-12,231.94729614257812,230.3712615966797,230.3712615966797
2026-02-13,234.28140258789062,231.94729614257812,231.94729614257812
2026-02-17,237.57315063476562,234.28140258789062,234.28140258789062
2026-02-18,239.7177734375,237.57315063476562,237.57315063476562
2026-02-19,242.87982177734375,239.7177734375,239.7177734375
2026-02-20,243.03941345214844,242.87982177734375,242.87982177734375
2026-02-23,240.65541076660156,243.03941345214844,243.03941345214844
2026-02-24,242.5007781982422,240.65541076660156,240.65541076660156
2026-02-25,240.61550903320312,242.5007781982422,242.5007781982422
2026-02-26,242.2115020751953,240.61550903320312,240.61550903320312
2026-02-27,243.1092529296875,242.2115020751953,242.2115020751953
2026-03-02,249.95205688476562,243.1092529296875,243.1092529296875
2026-03-03,244.36607360839844,249.95205688476562,249.95205688476562
2026-03-04,246.35110473632812,244.36607360839844,244.36607360839844
2026-03-05,239.43846130371094,246.35110473632812,246.35110473632812
2026-03-06,241.5930633544922,239.43846130371094,239.43846130371094
2026-03-09,241.3835906982422,241.5930633544922,241.5930633544922
2026-03-10,239.11927795410156,241.3835906982422,241.3835906982422
2026-03-11,238.0818634033203,239.11927795410156,239.11927795410156
2026-03-12,230.909912109375,238.0818634033203,238.0818634033203
2026-03-13,228.76527404785156,230.909912109375,230.909912109375
2026-03-16,232.22659301757812,228.76527404785156,228.76527404785156
2026-03-17,232.46713256835938,232.22659301757812,232.22659301757812
2026-03-18,230.9998779296875,232.46713256835938,232.46713256835938
2026-03-19,226.8975067138672,230.9998779296875,230.9998779296875
2026-03-20,222.14634704589844,226.8975067138672,226.8975067138672
2026-03-23,222.9348907470703,222.14634704589844,222.14634704589844
2026-03-24,222.22621154785156,222.9348907470703,222.9348907470703
2026-03-25,225.4402313232422,222.22621154785156,222.22621154785156
2026-03-26,219.71087646484375,225.4402313232422,225.4402313232422
2026-03-27,215.6384735107422,219.71087646484375,219.71087646484375
2026-03-30,210.39822387695312,215.6384735107422,215.6384735107422
2026-03-31,218.3434295654297,210.39822387695312,210.39822387695312
2026-04-01,223.22434997558594,218.3434295654297,218.3434295654297
2026-04-02,221.49757385253906,223.22434997558594,223.22434997558594
2026-04-06,224.7814483642578,221.49757385253906,221.49757385253906
2026-04-07,222.88497924804688,224.7814483642578,224.7814483642578
2026-04-08,231.73851013183594,222.88497924804688,222.88497924804688
2026-04-09,231.32925415039062,231.73851013183594,231.73851013183594
2026-04-10,229.21319580078125,231.32925415039062,231.32925415039062
2026-04-13,232.37730407714844,229.21319580078125,229.21319580078125
2026-04-14,234.992431640625,232.37730407714844,232.37730407714844
2026-04-15,233.56509399414062,234.992431640625,234.992431640625
2026-04-16,228.60433959960938,233.56509399414062,233.56509399414062
2026-04-17,231.50892639160156,228.60433959960938,228.60433959960938
2026-04-20,231.41909790039062,231.50892639160156,231.50892639160156
2026-04-21,222.6753692626953,231.41909790039062,231.41909790039062
2026-04-22,218.74269104003906,222.6753692626953,222.6753692626953
2026-04-23,218.70277404785156,218.74269104003906,218.74269104003906
2026-04-24,215.39892578125,218.70277404785156,218.70277404785156
2026-04-27,215.6384735107422,215.39892578125,215.39892578125
2026-04-28,215.80816650390625,215.6384735107422,215.6384735107422
2026-04-29,212.74386596679688,215.80816650390625,215.80816650390625
2026-04-30,218.15379333496094,212.74386596679688,212.74386596679688
2026-05-01,215.8680419921875,218.15379333496094,218.15379333496094
2026-05-04,213.93165588378906,215.8680419921875,215.8680419921875
2026-05-05,214.9697265625,213.93165588378906,213.93165588378906
2026-05-06,223.0047607421875,214.9697265625,214.9697265625
2026-05-07,222.09645080566406,223.0047607421875,223.0047607421875
2026-05-08,223.07464599609375,222.09645080566406,222.09645080566406
2026-05-11,225.5699920654297,223.07464599609375,223.07464599609375
2026-05-12,224.97109985351562,225.5699920654297,225.5699920654297
2026-05-13,225.29052734375,224.97109985351562,224.97109985351562
2026-05-14,224.04283142089844,225.29052734375,225.29052734375
2026-05-15,216.8662109375,224.04283142089844,224.04283142089844
2026-05-18,219.8206787109375,216.8662109375,216.8662109375
2026-05-19,217.91424560546875,219.8206787109375,219.8206787109375
2026-05-20,222.86502075195312,217.91424560546875,217.91424560546875
2026-05-21,222.73526000976562,222.86502075195312,222.86502075195312
2026-05-22,224.9511260986328,222.73526000976562,222.73526000976562
2026-05-26,229.06349182128906,224.9511260986328,224.9511260986328
2026-05-27,230.0516357421875,229.06349182128906,229.06349182128906
2026-05-28,235.13218688964844,230.0516357421875,230.0516357421875
2026-05-29,235.00242614746094,235.13218688964844,235.13218688964844
2026-06-01,229.48269653320312,235.00242614746094,235.00242614746094
2026-06-02,227.9056396484375,229.48269653320312,229.48269653320312
2026-06-03,224.47203063964844,227.9056396484375,227.9056396484375
2026-06-04,231.13961791992188,224.47203063964844,224.47203063964844
2026-06-05,229.0235595703125,231.13961791992188,231.13961791992188
2026-06-08,226.83761596679688,229.0235595703125,229.0235595703125
2026-06-09,230.02169799804688,226.83761596679688,226.83761596679688
2026-06-10,224.45205688476562,230.02169799804688,230.02169799804688
2026-06-11,235.60130310058594,224.45205688476562,224.45205688476562
2026-06-12,233.35548400878906,235.60130310058594,235.60130310058594
2026-06-15,237.12510681152344,233.35548400878906,233.35548400878906
2026-06-16,239.24267578125,237.12510681152344,237.12510681152344
2026-06-17,242.5088653564453,239.24267578125,239.24267578125
2026-06-18,238.71328735351562,242.5088653564453,242.5088653564453
2026-06-22,235.2373046875,238.71328735351562,238.71328735351562
2026-06-23,235.6568145751953,235.2373046875,235.2373046875
2026-06-24,235.91651916503906,235.6568145751953,235.6568145751953
2026-06-25,237.1051483154297,235.91651916503906,235.91651916503906
2026-06-26,236.50582885742188,237.1051483154297,237.1051483154297
2026-06-29,238.85311889648438,236.50582885742188,236.50582885742188
2026-06-30,242.13929748535156,238.85311889648438,238.85311889648438
2026-07-01,243.57763671875,242.13929748535156,242.13929748535156
2026-07-02,247.9026336669922,243.57763671875,243.57763671875
2026-07-06,250.4896240234375,247.9026336669922,247.9026336669922
2026-07-07,244.82618713378906,250.4896240234375,250.4896240234375
2026-07-08,239.3525390625,244.82618713378906,244.82618713378906
2026-07-09,239.34254455566406,239.3525390625,239.3525390625
2026-07-10,238.78318786621094,239.34254455566406,239.34254455566406
2026-07-13,234.77784729003906,238.78318786621094,238.78318786621094
2026-07-14,234.99758911132812,234.77784729003906,234.77784729003906
2026-07-15,236.14625549316406,234.99758911132812,234.99758911132812
2026-07-16,230.62265014648438,236.14625549316406,236.14625549316406
2026-07-17,230.4628448486328,230.62265014648438,230.62265014648438
2026-07-20,229.00453186035156,230.4628448486328,230.4628448486328
2026-07-21,229.4739990234375,229.00453186035156,229.00453186035156
2026-07-22,230.8424072265625,229.4739990234375,229.4739990234375
2026-07-23,237.9541473388672,230.8424072265625,230.8424072265625
2026-07-24,239.86195373535156,237.9541473388672,237.9541473388672
2026-07-27,243.62757873535156,239.86195373535156,239.86195373535156
2026-07-28,244.6963348388672,243.62757873535156,243.62757873535156
2026-07-29,235.98643493652344,244.6963348388672,244.6963348388672
2026-07-30,237.85427856445312,235.98643493652344,235.98643493652344
2026-07-31,239.38250732421875,237.85427856445312,237.85427856445312
2026-08-03,245.79507446289062,239.38250732421875,239.38250732421875
2026-08-04,250.35977172851562,245.79507446289062,245.79507446289062
2026-08-05,251.98788452148438,250.35977172851562,250.35977172851562
2026-08-06,249.70054626464844,251.98788452148438,251.98788452148438
2026-08-07,250.45965576171875,249.70054626464844,249.70054626464844
2026-08-10,250.8392333984375,250.45965576171875,250.45965576171875
2026-08-11,251.6083221435547,250.8392333984375,250.8392333984375
2026-08-12,251.32864379882812,251.6083221435547,251.6083221435547
2026-08-13,249.40089416503906,251.32864379882812,251.32864379882812
2026-08-14,252.9268035888672,249.40089416503906,249.40089416503906
2026-08-17,250.9091339111328,252.9268035888672,252.9268035888672
2026-08-18,251.86802673339844,250.9091339111328,250.9091339111328
2026-08-19,245.86497497558594,251.86802673339844,251.86802673339844
2026-08-20,237.28492736816406,245.86497497558594,245.86497497558594
2026-08-21,237.065185546875,237.28492736816406,237.28492736816406
2026-08-24,233.12974548339844,237.065185546875,237.065185546875
2026-08-25,234.02871704101562,233.12974548339844,233.12974548339844
2026-08-26,236.10630798339844,234.02871704101562,234.02871704101562
2026-08-27,233.98875427246094,236.10630798339844,236.10630798339844
2026-08-28,232.55043029785156,233.98875427246094,233.98875427246094
2026-08-31,228.08560180664062,232.55043029785156,232.55043029785156
2026-09-01,225.19894409179688,228.08560180664062,228.08560180664062
2026-09-02,223.11135864257812,225.19894409179688,225.19894409179688
2026-09-03,225.7183380126953,223.11135864257812,223.11135864257812
2026-09-04,225.34877014160156,225.7183380126953,225.7183380126953
2026-09-08,223.27117919921875,225.34877014160156,225.34877014160156
2026-09-09,219.19590759277344,223.27117919921875,223.27117919921875
2026-09-10,218.0672149658203,219.19590759277344,219.19590759277344
2026-09-11,218.75640869140625,218.0672149658203,218.0672149658203
2026-09-14,216.51901245117188,218.75640869140625,218.75640869140625
2026-09-15,214.0,216.51901245117188,216.51901245117188
2026-09-16,215.27000427246094,214.0,214.0
2026-09-17,213.7899932861328,215.27000427246094,215.27000427246094
